post_id,date,word,lemma,pos,xpos,lemma_p
1,2010-11-04,Reminder,reminder,NOUN,NN,reminder_NOUN
1,2010-11-04,:,:,PUNCT,:,:_PUNCT
1,2010-11-04,The,the,DET,DT,the_DET
1,2010-11-04,Miss,Miss,PROPN,NNP,Miss_PROPN
1,2010-11-04,Universe,Universe,PROPN,NNP,Universe_PROPN
1,2010-11-04,competition,competition,NOUN,NN,competition_NOUN
1,2010-11-04,will,will,AUX,MD,will_AUX
1,2010-11-04,be,be,AUX,VB,be_AUX
1,2010-11-04,LIVE,live,ADJ,JJ,live_ADJ
1,2010-11-04,from,from,ADP,IN,from_ADP
1,2010-11-04,the,the,DET,DT,the_DET
1,2010-11-04,Bahamas,Bahamas,PROPN,NNP,Bahamas_PROPN
1,2010-11-04,-,-,PUNCT,",",-_PUNCT
1,2010-11-04,Tonight,tonight,NOUN,NN,tonight_NOUN
1,2010-11-04,@,@,ADP,IN,@_ADP
1,2010-11-04,9,9,NUM,CD,9_NUM
1,2010-11-04,pm,p.m.,NOUN,NN,p.m._NOUN
1,2010-11-04,(,(,PUNCT,-LRB-,(_PUNCT
1,2010-11-04,EST,EST,PROPN,NNP,EST_PROPN
1,2010-11-04,),),PUNCT,-RRB-,)_PUNCT
1,2010-11-04,on,on,ADP,IN,on_ADP
1,2010-11-04,NBC,NBC,PROPN,NNP,NBC_PROPN
1,2010-11-04,:,:,PUNCT,:,:_PUNCT
1,2010-11-04,http://tinyurl.com/mrzad9,http://tinyurl.com/mrzad9,PROPN,ADD,http://tinyurl.com/mrzad9_PROPN
2,2013-08-15,@,@,PUNCT,NFP,@_PUNCT
2,2013-08-15,Timc1021,Timc1021,PROPN,NNP,Timc1021_PROPN
2,2013-08-15,Thanks,thanks,NOUN,NN,thanks_NOUN
2,2013-08-15,!,!,PUNCT,.,!_PUNCT
3,2013-06-12,"""","""",PUNCT,``,"""_PUNCT"
3,2013-06-12,"""","""",PUNCT,``,"""_PUNCT"
3,2013-06-12,@_KatherineWebb,@_KatherineWebb,PROPN,NNP,@_KatherineWebb_PROPN
3,2013-06-12,:,:,PUNCT,:,:_PUNCT
3,2013-06-12,Looking,look,VERB,VBG,look_VERB
3,2013-06-12,forward,forward,ADV,RB,forward_ADV
3,2013-06-12,to,to,ADP,IN,to_ADP
3,2013-06-12,#,#,SYM,NN,#_SYM
3,2013-06-12,MissUSA,MissUSA,PROPN,NNP,MissUSA_PROPN
3,2013-06-12,this,this,DET,DT,this_DET
3,2013-06-12,weekend,weekend,NOUN,NN,weekend_NOUN
3,2013-06-12,in,in,ADP,IN,in_ADP
3,2013-06-12,Vegas,Vegas,PROPN,NNP,Vegas_PROPN
3,2013-06-12,!,!,PUNCT,.,!_PUNCT
3,2013-06-12,"""","""",PUNCT,'',"""_PUNCT"
3,2013-06-12,"""","""",PUNCT,'',"""_PUNCT"
3,2013-06-12,Great,great,ADJ,JJ,great_ADJ
3,2013-06-12,to,to,PART,TO,to_PART
3,2013-06-12,have,have,VERB,VB,have_VERB
3,2013-06-12,our,our,PRON,PRP$,our_PRON
3,2013-06-12,former,former,ADJ,JJ,former_ADJ
3,2013-06-12,.,.,PUNCT,.,._PUNCT
3,2013-06-12,Miss,Miss,PROPN,NNP,Miss_PROPN
3,2013-06-12,Alabama,Alabama,PROPN,NNP,Alabama_PROPN
3,2013-06-12,!,!,PUNCT,.,!_PUNCT
4,2011-09-04,Addressing,address,VERB,VBG,address_VERB
4,2011-09-04,the,the,DET,DT,the_DET
4,2011-09-04,Rise,rise,PROPN,NNP,rise_PROPN
4,2011-09-04,of,of,ADP,IN,of_ADP
4,2011-09-04,Chronic,Chronic,ADJ,NNP,Chronic_ADJ
4,2011-09-04,Childhood,Childhood,PROPN,NNP,Childhood_PROPN
4,2011-09-04,Illnesses,Illnesses,PROPN,NNPS,Illnesses_PROPN
4,2011-09-04,.,.,PUNCT,.,._PUNCT
4,2011-09-04,#AGENDA47,#AGENDA47,PROPN,ADD,#AGENDA47_PROPN
5,2020-05-11,RT,RT,PROPN,NNP,RT_PROPN
5,2020-05-11,@darhar981,@darhar981,PROPN,NNP,@darhar981_PROPN
5,2020-05-11,:,:,PUNCT,:,:_PUNCT
5,2020-05-11,Attorney,Attorney,PROPN,NNP,Attorney_PROPN
5,2020-05-11,General,General,PROPN,NNP,General_PROPN
5,2020-05-11,Barr,Barr,PROPN,NNP,Barr_PROPN
5,2020-05-11,‚Äôs,'s,PART,POS,'s_PART
5,2020-05-11,Office,Office,PROPN,NNP,Office_PROPN
5,2020-05-11,Shreds,Shreds,PROPN,NNP,Shreds_PROPN
5,2020-05-11,NBC,NBC,PROPN,NNP,NBC_PROPN
5,2020-05-11,‚Äôs,'s,PART,POS,'s_PART
5,2020-05-11,Chuck,Chuck,PROPN,NNP,Chuck_PROPN
5,2020-05-11,Todd,Todd,PROPN,NNP,Todd_PROPN
5,2020-05-11,For,for,ADP,IN,for_ADP
5,2020-05-11,‚Äò,',PUNCT,``,'_PUNCT
5,2020-05-11,Deceptive,deceptive,ADJ,JJ,deceptive_ADJ
5,2020-05-11,Editing,editing,NOUN,NN,editing_NOUN
5,2020-05-11,‚Äô,',PUNCT,'','_PUNCT
5,2020-05-11,Of,of,ADP,IN,of_ADP
5,2020-05-11,Barr,Barr,PROPN,NNP,Barr_PROPN
5,2020-05-11,‚Äôs,'s,PART,POS,'s_PART
5,2020-05-11,Comments,comment,NOUN,NNS,comment_NOUN
5,2020-05-11,On,on,ADP,IN,on_ADP
5,2020-05-11,‚Äú,'',PUNCT,``,''_PUNCT
5,2020-05-11,Meet,meet,VERB,VB,meet_VERB
5,2020-05-11,The,the,DET,DT,the_DET
5,2020-05-11,Press,Press,PROPN,NNP,Press_PROPN
5,2020-05-11,",",",",PUNCT,",",",_PUNCT"
5,2020-05-11,‚Äù,'',PUNCT,'',''_PUNCT
5,2020-05-11,Todd,Todd,PROPN,NNP,Todd_PROPN
5,2020-05-11,‚Ä¶,‚Ä¶,PUNCT,:,‚Ä¶_PUNCT
6,2011-09-07,RT,RT,PROPN,NNP,RT_PROPN
6,2011-09-07,@,@,ADP,IN,@_ADP
6,2011-09-07,MagaGlamüá∫üá∏‚ô•Ô∏è,MagaGlamüá∫üá∏‚ô•Ô∏è,PROPN,NNP,MagaGlamüá∫üá∏‚ô•Ô∏è_PROPN
6,2011-09-07,Bring,bring,VERB,VB,bring_VERB
6,2011-09-07,Back,back,ADP,IN,back_ADP
6,2011-09-07,Trump,Trump,PROPN,NNP,Trump_PROPN
6,2011-09-07,üíôüá∫üá∏,üíôüá∫üá∏,PUNCT,.,üíôüá∫üá∏_PUNCT
8,2025-03-19,The,the,DET,DT,the_DET
8,2025-03-19,CBP,CBP,PROPN,NNP,CBP_PROPN
8,2025-03-19,Home,Home,PROPN,NNP,Home_PROPN
8,2025-03-19,App,App,PROPN,NNP,App_PROPN
8,2025-03-19,is,be,AUX,VBZ,be_AUX
8,2025-03-19,now,now,ADV,RB,now_ADV
8,2025-03-19,available,available,ADJ,JJ,available_ADJ
8,2025-03-19,across,across,ADP,IN,across_ADP
8,2025-03-19,all,all,DET,DT,all_DET
8,2025-03-19,mobile,mobile,ADJ,JJ,mobile_ADJ
8,2025-03-19,App,app,NOUN,NN,app_NOUN
8,2025-03-19,Stores,store,NOUN,NNS,store_NOUN
8,2025-03-19,!,!,PUNCT,.,!_PUNCT
9,2019-01-23,Congratulations,congratulation,NOUN,NNS,congratulation_NOUN
9,2019-01-23,to,to,ADP,IN,to_ADP
9,2019-01-23,Mariano,Mariano,PROPN,NNP,Mariano_PROPN
9,2019-01-23,Rivera,Rivera,PROPN,NNP,Rivera_PROPN
9,2019-01-23,on,on,SCONJ,IN,on_SCONJ
9,2019-01-23,unanimously,unanimously,ADV,RB,unanimously_ADV
9,2019-01-23,being,be,AUX,VBG,be_AUX
9,2019-01-23,elected,elect,VERB,VBN,elect_VERB
9,2019-01-23,to,to,ADP,IN,to_ADP
9,2019-01-23,the,the,DET,DT,the_DET
9,2019-01-23,National,National,ADJ,NNP,National_ADJ
9,2019-01-23,Baseball,Baseball,PROPN,NNP,Baseball_PROPN
9,2019-01-23,Hall,Hall,PROPN,NNP,Hall_PROPN
9,2019-01-23,of,of,ADP,IN,of_ADP
9,2019-01-23,Fame,Fame,PROPN,NNP,Fame_PROPN
9,2019-01-23,!,!,PUNCT,.,!_PUNCT
9,2019-01-23,Not,not,PART,RB,not_PART
9,2019-01-23,only,only,ADV,RB,only_ADV
9,2019-01-23,a,a,DET,DT,a_DET
9,2019-01-23,great,great,ADJ,JJ,great_ADJ
9,2019-01-23,player,player,NOUN,NN,player_NOUN
9,2019-01-23,but,but,CCONJ,CC,but_CCONJ
9,2019-01-23,a,a,DET,DT,a_DET
9,2019-01-23,great,great,ADJ,JJ,great_ADJ
9,2019-01-23,person,person,NOUN,NN,person_NOUN
9,2019-01-23,.,.,PUNCT,.,._PUNCT
9,2019-01-23,I,I,PRON,PRP,I_PRON
9,2019-01-23,am,be,AUX,VBP,be_AUX
9,2019-01-23,thankful,thankful,ADJ,JJ,thankful_ADJ
9,2019-01-23,for,for,ADP,IN,for_ADP
9,2019-01-23,Mariano,Mariano,PROPN,NNP,Mariano_PROPN
9,2019-01-23,‚Äôs,'s,PART,POS,'s_PART
9,2019-01-23,support,support,NOUN,NN,support_NOUN
9,2019-01-23,of,of,ADP,IN,of_ADP
9,2019-01-23,the,the,DET,DT,the_DET
9,2019-01-23,Opioid,Opioid,ADJ,NNP,Opioid_ADJ
9,2019-01-23,Drug,drug,PROPN,NNP,drug_PROPN
9,2019-01-23,Abuse,abuse,PROPN,NNP,abuse_PROPN
9,2019-01-23,Commission,Commission,PROPN,NNP,Commission_PROPN
9,2019-01-23,and,and,CCONJ,CC,and_CCONJ
9,2019-01-23,@FitnessGov.,@FitnessGov.,PROPN,NNP,@FitnessGov._PROPN
9,2019-01-23,#,#,SYM,NN,#_SYM
9,2019-01-23,EnterSandman,EnterSandman,PROPN,NNP,EnterSandman_PROPN
9,2019-01-23,#HOF,#HOF,PROPN,NNP,#HOF_PROPN
9,2019-01-23,2019,2019,NUM,CD,2019_NUM
9,2019-01-23,üíØ,üíØ,PUNCT,.,üíØ_PUNCT
9,2019-01-23,https://t.co/reU1gKWHSQ,https://t.co/reU1gKWHSQ,PROPN,ADD,https://t.co/reU1gKWHSQ_PROPN
10,2015-07-01,My,my,PRON,PRP$,my_PRON
10,2015-07-01,recent,recent,ADJ,JJ,recent_ADJ
10,2015-07-01,statement,statement,NOUN,NN,statement_NOUN
10,2015-07-01,re,re,ADP,IN,re_ADP
10,2015-07-01,:,:,PUNCT,:,:_PUNCT
10,2015-07-01,@macys,@macy,PROPN,NNP,@macy_PROPN
10,2015-07-01,--,--,PUNCT,:,--_PUNCT
10,2015-07-01,We,we,PRON,PRP,we_PRON
10,2015-07-01,must,must,AUX,MD,must_AUX
10,2015-07-01,have,have,VERB,VB,have_VERB
10,2015-07-01,strong,strong,ADJ,JJ,strong_ADJ
10,2015-07-01,borders,border,NOUN,NNS,border_NOUN
10,2015-07-01,&amp,&amp,NOUN,NN,&amp_NOUN
10,2015-07-01,",",",",PUNCT,",",",_PUNCT"
10,2015-07-01,stop,stop,VERB,VB,stop_VERB
10,2015-07-01,illegal,illegal,ADJ,JJ,illegal_ADJ
10,2015-07-01,immigration,immigration,NOUN,NN,immigration_NOUN
10,2015-07-01,now,now,ADV,RB,now_ADV
10,2015-07-01,!...,!...,PUNCT,.,!..._PUNCT
10,2015-07-01,https://t.co/HLCboRmTbl,https://t.co/HLCboRmTbl,PROPN,ADD,https://t.co/HLCboRmTbl_PROPN
11,2017-07-21,ICYMI,ICYMI,PROPN,NNP,ICYMI_PROPN
11,2017-07-21,-,-,PUNCT,",",-_PUNCT
11,2017-07-21,This,this,DET,DT,this_DET
11,2017-07-21,week,week,NOUN,NN,week_NOUN
11,2017-07-21,we,we,PRON,PRP,we_PRON
11,2017-07-21,hosted,host,VERB,VBD,host_VERB
11,2017-07-21,a,a,DET,DT,a_DET
11,2017-07-21,#,#,SYM,NN,#_SYM
11,2017-07-21,MadeInAmerica,MadeInAmerica,PROPN,NNP,MadeInAmerica_PROPN
11,2017-07-21,event,event,NOUN,NN,event_NOUN
11,2017-07-21,",",",",PUNCT,",",",_PUNCT"
11,2017-07-21,right,right,ADV,RB,right_ADV
11,2017-07-21,here,here,ADV,RB,here_ADV
11,2017-07-21,at,at,ADP,IN,at_ADP
11,2017-07-21,the,the,DET,DT,the_DET
11,2017-07-21,@WhiteHouse,@WhiteHouse,PROPN,NNP,@WhiteHouse_PROPN
11,2017-07-21,!,!,PUNCT,.,!_PUNCT
11,2017-07-21,If,if,SCONJ,IN,if_SCONJ
11,2017-07-21,it,it,PRON,PRP,it_PRON
11,2017-07-21,is,be,AUX,VBZ,be_AUX
11,2017-07-21,MADE,made,VERB,VBN,made_VERB
11,2017-07-21,IN,in,ADP,IN,in_ADP
11,2017-07-21,AMERICA,America,PROPN,NNP,America_PROPN
11,2017-07-21,",",",",PUNCT,",",",_PUNCT"
11,2017-07-21,it,it,PRON,PRP,it_PRON
11,2017-07-21,is,be,AUX,VBZ,be_AUX
11,2017-07-21,the,the,DET,DT,the_DET
11,2017-07-21,BEST,good,ADJ,JJS,good_ADJ
11,2017-07-21,!,!,PUNCT,.,!_PUNCT
11,2017-07-21,USA,USA,PROPN,NNP,USA_PROPN
11,2017-07-21,üá∫,üá∫,PUNCT,",",üá∫_PUNCT
11,2017-07-21,üá∏,üá∏,PUNCT,.,üá∏_PUNCT
11,2017-07-21,https://t.co/q4vB9GdE5y,https://t.co/q4vB9GdE5y,PROPN,ADD,https://t.co/q4vB9GdE5y_PROPN
12,2011-08-31,https://www.mediaite.com/tv/trump-team-scored-big-win-with-potentially-explosive-ruling-on-special-master-to-review-docs-taken-by-the-fbi-argues-andrew-mccarthy/,https://www.mediaite.com/tv/trump-team-scored-big-win-with-potentially-explosive-ruling-on-special-master-to-review-docs-taken-by-the-fbi-argues-andrew-mccarthy/,PROPN,ADD,https://www.mediaite.com/tv/trump-team-scored-big-win-with-potentially-explosive-ruling-on-special-master-to-review-docs-taken-by-the-fbi-argues-andrew-mccarthy/_PROPN
13,2018-10-03,Thank,thank,VERB,VBP,thank_VERB
13,2018-10-03,you,you,PRON,PRP,you_PRON
13,2018-10-03,Governor,Governor,PROPN,NNP,Governor_PROPN
13,2018-10-03,Phil,Phil,PROPN,NNP,Phil_PROPN
13,2018-10-03,Bryant,Bryant,PROPN,NNP,Bryant_PROPN
13,2018-10-03,-,-,PUNCT,",",-_PUNCT
13,2018-10-03,it,it,PRON,PRP,it_PRON
13,2018-10-03,was,be,AUX,VBD,be_AUX
13,2018-10-03,my,my,PRON,PRP$,my_PRON
13,2018-10-03,great,great,ADJ,JJ,great_ADJ
13,2018-10-03,honor,honor,NOUN,NN,honor_NOUN
13,2018-10-03,to,to,PART,TO,to_PART
13,2018-10-03,be,be,AUX,VB,be_AUX
13,2018-10-03,there,there,ADV,RB,there_ADV
13,2018-10-03,!,!,PUNCT,.,!_PUNCT
13,2018-10-03,#,#,SYM,NN,#_SYM
13,2018-10-03,MAGA,MAGA,PROPN,NNP,MAGA_PROPN
13,2018-10-03,https://t.co/UbY7Qu2fMt,https://t.co/UbY7Qu2fMt,PROPN,ADD,https://t.co/UbY7Qu2fMt_PROPN
14,2017-01-12,Thank,thank,VERB,VBP,thank_VERB
14,2017-01-12,you,you,PRON,PRP,you_PRON
14,2017-01-12,to,to,ADP,IN,to_ADP
14,2017-01-12,Linda,Linda,PROPN,NNP,Linda_PROPN
14,2017-01-12,Bean,Bean,PROPN,NNP,Bean_PROPN
14,2017-01-12,of,of,ADP,IN,of_ADP
14,2017-01-12,L.L.,L.L.,PROPN,NNP,L.L._PROPN
14,2017-01-12,Bean,bean,NOUN,NN,bean_NOUN
14,2017-01-12,for,for,ADP,IN,for_ADP
14,2017-01-12,your,your,PRON,PRP$,your_PRON
14,2017-01-12,great,great,ADJ,JJ,great_ADJ
14,2017-01-12,support,support,NOUN,NN,support_NOUN
14,2017-01-12,and,and,CCONJ,CC,and_CCONJ
14,2017-01-12,courage,courage,NOUN,NN,courage_NOUN
14,2017-01-12,.,.,PUNCT,.,._PUNCT
14,2017-01-12,People,person,NOUN,NNS,person_NOUN
14,2017-01-12,will,will,AUX,MD,will_AUX
14,2017-01-12,support,support,VERB,VB,support_VERB
14,2017-01-12,you,you,PRON,PRP,you_PRON
14,2017-01-12,even,even,ADV,RB,even_ADV
14,2017-01-12,more,more,ADV,RBR,more_ADV
14,2017-01-12,now,now,ADV,RB,now_ADV
14,2017-01-12,.,.,PUNCT,.,._PUNCT
14,2017-01-12,Buy,buy,VERB,VB,buy_VERB
14,2017-01-12,L.L.,L.L.,PROPN,NNP,L.L._PROPN
14,2017-01-12,Bean,Bean,PROPN,NNP,Bean_PROPN
14,2017-01-12,.,.,PUNCT,.,._PUNCT
14,2017-01-12,@LBPerfectMaine,@LBPerfectMaine,PROPN,ADD,@LBPerfectMaine_PROPN
15,2015-05-21,"""","""",PUNCT,``,"""_PUNCT"
15,2015-05-21,"""","""",PUNCT,``,"""_PUNCT"
15,2015-05-21,@HarmonBrew,@harmonbrew,NOUN,NN,@harmonbrew_NOUN
15,2015-05-21,:,:,PUNCT,:,:_PUNCT
15,2015-05-21,@FoxNews,@FoxNews,PROPN,NNP,@FoxNews_PROPN
15,2015-05-21,@megynkelly,@megynkelly,PROPN,NNP,@megynkelly_PROPN
15,2015-05-21,DonaldTrump,DonaldTrump,PROPN,NNP,DonaldTrump_PROPN
15,2015-05-21,#,#,SYM,NN,#_SYM
15,2015-05-21,KellyFile,KellyFile,PROPN,NNP,KellyFile_PROPN
15,2015-05-21,Trump,Trump,PROPN,NNP,Trump_PROPN
15,2015-05-21,is,be,AUX,VBZ,be_AUX
15,2015-05-21,so,so,ADV,RB,so_ADV
15,2015-05-21,right,right,ADJ,JJ,right_ADJ
15,2015-05-21,about,about,ADP,IN,about_ADP
15,2015-05-21,Geller,Geller,PROPN,NNP,Geller_PROPN
15,2015-05-21,.,.,PUNCT,.,._PUNCT
15,2015-05-21,Megyn,Megyn,PROPN,NNP,Megyn_PROPN
15,2015-05-21,",",",",PUNCT,",",",_PUNCT"
15,2015-05-21,stop,stop,VERB,VB,stop_VERB
15,2015-05-21,advocating,advocate,VERB,VBG,advocate_VERB
15,2015-05-21,for,for,ADP,IN,for_ADP
15,2015-05-21,her,her,PRON,PRP,her_PRON
15,2015-05-21,",",",",PUNCT,",",",_PUNCT"
15,2015-05-21,its,its,PRON,PRP$,its_PRON
15,2015-05-21,a,a,DET,DT,a_DET
15,2015-05-21,loser,loser,NOUN,NN,loser_NOUN
15,2015-05-21,.,.,PUNCT,.,._PUNCT
15,2015-05-21,"""","""",PUNCT,'',"""_PUNCT"
15,2015-05-21,"""","""",PUNCT,'',"""_PUNCT"
16,2025-06-17,We,we,PRON,PRP,we_PRON
16,2025-06-17,now,now,ADV,RB,now_ADV
16,2025-06-17,have,have,VERB,VBP,have_VERB
16,2025-06-17,complete,complete,ADJ,JJ,complete_ADJ
16,2025-06-17,and,and,CCONJ,CC,and_CCONJ
16,2025-06-17,total,total,ADJ,JJ,total_ADJ
16,2025-06-17,control,control,NOUN,NN,control_NOUN
16,2025-06-17,of,of,ADP,IN,of_ADP
16,2025-06-17,the,the,DET,DT,the_DET
16,2025-06-17,skies,sky,NOUN,NNS,sky_NOUN
16,2025-06-17,over,over,ADP,IN,over_ADP
16,2025-06-17,Iran,Iran,PROPN,NNP,Iran_PROPN
16,2025-06-17,.,.,PUNCT,.,._PUNCT
16,2025-06-17,Iran,Iran,PROPN,NNP,Iran_PROPN
16,2025-06-17,had,have,VERB,VBD,have_VERB
16,2025-06-17,good,good,ADJ,JJ,good_ADJ
16,2025-06-17,sky,sky,NOUN,NN,sky_NOUN
16,2025-06-17,trackers,tracker,NOUN,NNS,tracker_NOUN
16,2025-06-17,and,and,CCONJ,CC,and_CCONJ
16,2025-06-17,other,other,ADJ,JJ,other_ADJ
16,2025-06-17,defensive,defensive,ADJ,JJ,defensive_ADJ
16,2025-06-17,equipment,equipment,NOUN,NN,equipment_NOUN
16,2025-06-17,",",",",PUNCT,",",",_PUNCT"
16,2025-06-17,and,and,CCONJ,CC,and_CCONJ
16,2025-06-17,plenty,plenty,NOUN,NN,plenty_NOUN
16,2025-06-17,of,of,ADP,IN,of_ADP
16,2025-06-17,it,it,PRON,PRP,it_PRON
16,2025-06-17,",",",",PUNCT,",",",_PUNCT"
16,2025-06-17,but,but,CCONJ,CC,but_CCONJ
16,2025-06-17,it,it,PRON,PRP,it_PRON
16,2025-06-17,does,do,AUX,VBZ,do_AUX
16,2025-06-17,n‚Äôt,not,PART,RB,not_PART
16,2025-06-17,compare,compare,VERB,VB,compare_VERB
16,2025-06-17,to,to,ADP,IN,to_ADP
16,2025-06-17,American,American,ADJ,JJ,American_ADJ
16,2025-06-17,made,make,VERB,VBN,make_VERB
16,2025-06-17,",",",",PUNCT,",",",_PUNCT"
16,2025-06-17,conceived,conceive,VERB,VBN,conceive_VERB
16,2025-06-17,",",",",PUNCT,",",",_PUNCT"
16,2025-06-17,and,and,CCONJ,CC,and_CCONJ
16,2025-06-17,manufactured,manufacture,VERB,VBD,manufacture_VERB
16,2025-06-17,‚Äú,'',PUNCT,``,''_PUNCT
16,2025-06-17,stuff,stuff,NOUN,NN,stuff_NOUN
16,2025-06-17,.,.,PUNCT,.,._PUNCT
16,2025-06-17,‚Äù,'',PUNCT,'',''_PUNCT
16,2025-06-17,Nobody,nobody,PRON,NN,nobody_PRON
16,2025-06-17,does,do,VERB,VBZ,do_VERB
16,2025-06-17,it,it,PRON,PRP,it_PRON
16,2025-06-17,better,good,ADJ,JJR,good_ADJ
16,2025-06-17,than,than,ADP,IN,than_ADP
16,2025-06-17,the,the,DET,DT,the_DET
16,2025-06-17,good,good,ADJ,JJ,good_ADJ
16,2025-06-17,ol‚Äô,ol‚Äô,NOUN,NN,ol‚Äô_NOUN
16,2025-06-17,USA,USA,PROPN,NNP,USA_PROPN
16,2025-06-17,.,.,PUNCT,.,._PUNCT
17,2025-07-27,https://www.thegatewaypundit.com/2025/07/her-biggest-scandal-yet-iran-china-are-circumventing/,https://www.thegatewaypundit.com/2025/07/her-biggest-scandal-yet-iran-china-are-circumventing/,PROPN,ADD,https://www.thegatewaypundit.com/2025/07/her-biggest-scandal-yet-iran-china-are-circumventing/_PROPN
18,2011-09-07,https://www.foxnews.com/politics/hunter-biden-received-250k-wire-from-beijing-with-beneficiary-address-listed-as-joe-biden-delaware-home,https://www.foxnews.com/politics/hunter-biden-received-250k-wire-from-beijing-with-beneficiary-address-listed-as-joe-biden-delaware-home,PROPN,ADD,https://www.foxnews.com/politics/hunter-biden-received-250k-wire-from-beijing-with-beneficiary-address-listed-as-joe-biden-delaware-home_PROPN
19,2014-05-23,Via,Via,PROPN,NNP,Via_PROPN
19,2014-05-23,@,@,ADP,IN,@_ADP
19,2014-05-23,BreitbartNews,BreitbartNews,PROPN,NNP,BreitbartNews_PROPN
19,2014-05-23,by,by,ADP,IN,by_ADP
19,2014-05-23,@,@,ADP,IN,@_ADP
19,2014-05-23,TheTonyLee,TheTonyLee,PROPN,NNP,TheTonyLee_PROPN
19,2014-05-23,:,:,PUNCT,:,:_PUNCT
19,2014-05-23,"""","""",PUNCT,``,"""_PUNCT"
19,2014-05-23,"""","""",PUNCT,``,"""_PUNCT"
19,2014-05-23,@,@,ADP,IN,@_ADP
19,2014-05-23,Citizens_United,Citizens_United,PROPN,NNP,Citizens_United_PROPN
19,2014-05-23,sues,sue,VERB,VBZ,sue_VERB
19,2014-05-23,@AGSchneiderman,@AGSchneiderman,PROPN,NNP,@AGSchneiderman_PROPN
19,2014-05-23,for,for,SCONJ,IN,for_SCONJ
19,2014-05-23,violating,violate,VERB,VBG,violate_VERB
19,2014-05-23,1st,1st,ADJ,JJ,1st_ADJ
19,2014-05-23,Amendment,amendment,NOUN,NN,amendment_NOUN
19,2014-05-23,"""","""",PUNCT,'',"""_PUNCT"
19,2014-05-23,"""","""",PUNCT,'',"""_PUNCT"
19,2014-05-23,http://t.co/1YMvzIOnfI,http://t.co/1YMvzIOnfI,PROPN,ADD,http://t.co/1YMvzIOnfI_PROPN
20,2015-09-02,"""","""",PUNCT,``,"""_PUNCT"
20,2015-09-02,"""","""",PUNCT,``,"""_PUNCT"
20,2015-09-02,@LBabcock2,@LBabcock2,PROPN,NNP,@LBabcock2_PROPN
20,2015-09-02,:,:,PUNCT,:,:_PUNCT
20,2015-09-02,@oreillyfactor,@oreillyfactor,PROPN,NNP,@oreillyfactor_PROPN
20,2015-09-02,@FoxNews,@FoxNews,PROPN,NNP,@FoxNews_PROPN
20,2015-09-02,I,I,PRON,PRP,I_PRON
20,2015-09-02,have,have,AUX,VBP,have_AUX
20,2015-09-02,always,always,ADV,RB,always_ADV
20,2015-09-02,wondered,wonder,VERB,VBN,wonder_VERB
20,2015-09-02,why,why,ADV,WRB,why_ADV
20,2015-09-02,Fox,Fox,PROPN,NNP,Fox_PROPN
20,2015-09-02,kept,keep,VERB,VBD,keep_VERB
20,2015-09-02,Rove,Rove,PROPN,NNP,Rove_PROPN
20,2015-09-02,on,on,ADP,IN,on_ADP
20,2015-09-02,after,after,ADP,IN,after_ADP
20,2015-09-02,his,his,PRON,PRP$,his_PRON
20,2015-09-02,disastrous,disastrous,ADJ,JJ,disastrous_ADJ
20,2015-09-02,election,election,NOUN,NN,election_NOUN
20,2015-09-02,predictions,prediction,NOUN,NNS,prediction_NOUN
20,2015-09-02,.,.,PUNCT,.,._PUNCT
20,2015-09-02,"""","""",PUNCT,'',"""_PUNCT"
20,2015-09-02,"""","""",PUNCT,'',"""_PUNCT"
20,2015-09-02,He,he,PRON,PRP,he_PRON
20,2015-09-02,is,be,AUX,VBZ,be_AUX
20,2015-09-02,a,a,DET,DT,a_DET
20,2015-09-02,joke,joke,NOUN,NN,joke_NOUN
20,2015-09-02,!,!,PUNCT,.,!_PUNCT
21,2020-04-06,Congratulations,congratulation,NOUN,NNS,congratulation_NOUN
21,2020-04-06,to,to,ADP,IN,to_ADP
21,2020-04-06,State,State,PROPN,NNP,State_PROPN
21,2020-04-06,Representative,Representative,PROPN,NNP,Representative_PROPN
21,2020-04-06,Karen,Karen,PROPN,NNP,Karen_PROPN
21,2020-04-06,Whitsett,Whitsett,PROPN,NNP,Whitsett_PROPN
21,2020-04-06,of,of,ADP,IN,of_ADP
21,2020-04-06,Michigan,Michigan,PROPN,NNP,Michigan_PROPN
21,2020-04-06,.,.,PUNCT,.,._PUNCT
21,2020-04-06,So,so,ADV,RB,so_ADV
21,2020-04-06,glad,glad,ADJ,JJ,glad_ADJ
21,2020-04-06,you,you,PRON,PRP,you_PRON
21,2020-04-06,are,be,AUX,VBP,be_AUX
21,2020-04-06,getting,get,VERB,VBG,get_VERB
21,2020-04-06,better,good,ADJ,JJR,good_ADJ
21,2020-04-06,!,!,PUNCT,.,!_PUNCT
21,2020-04-06,https://t.co/v6z46rUDtg,https://t.co/v6z46rUDtg,PROPN,ADD,https://t.co/v6z46rUDtg_PROPN
22,2020-03-24,Congress,Congress,PROPN,NNP,Congress_PROPN
22,2020-03-24,must,must,AUX,MD,must_AUX
22,2020-03-24,approve,approve,VERB,VB,approve_VERB
22,2020-03-24,the,the,DET,DT,the_DET
22,2020-03-24,deal,deal,NOUN,NN,deal_NOUN
22,2020-03-24,",",",",PUNCT,",",",_PUNCT"
22,2020-03-24,without,without,ADP,IN,without_ADP
22,2020-03-24,all,all,DET,DT,all_DET
22,2020-03-24,of,of,ADP,IN,of_ADP
22,2020-03-24,the,the,DET,DT,the_DET
22,2020-03-24,nonsense,nonsense,NOUN,NN,nonsense_NOUN
22,2020-03-24,",",",",PUNCT,",",",_PUNCT"
22,2020-03-24,today,today,NOUN,NN,today_NOUN
22,2020-03-24,.,.,PUNCT,.,._PUNCT
22,2020-03-24,The,the,DET,DT,the_DET
22,2020-03-24,longer,long,ADJ,JJR,long_ADJ
22,2020-03-24,it,it,PRON,PRP,it_PRON
22,2020-03-24,takes,take,VERB,VBZ,take_VERB
22,2020-03-24,",",",",PUNCT,",",",_PUNCT"
22,2020-03-24,the,the,DET,DT,the_DET
22,2020-03-24,harder,hard,ADJ,JJR,hard_ADJ
22,2020-03-24,it,it,PRON,PRP,it_PRON
22,2020-03-24,will,will,AUX,MD,will_AUX
22,2020-03-24,be,be,AUX,VB,be_AUX
22,2020-03-24,to,to,PART,TO,to_PART
22,2020-03-24,start,start,VERB,VB,start_VERB
22,2020-03-24,up,up,ADP,RP,up_ADP
22,2020-03-24,our,our,PRON,PRP$,our_PRON
22,2020-03-24,economy,economy,NOUN,NN,economy_NOUN
22,2020-03-24,.,.,PUNCT,.,._PUNCT
22,2020-03-24,Our,our,PRON,PRP$,our_PRON
22,2020-03-24,workers,worker,NOUN,NNS,worker_NOUN
22,2020-03-24,will,will,AUX,MD,will_AUX
22,2020-03-24,be,be,AUX,VB,be_AUX
22,2020-03-24,hurt,hurt,VERB,VBN,hurt_VERB
22,2020-03-24,!,!,PUNCT,.,!_PUNCT
23,2011-09-07,https://justthenews.com/politics-policy/all-things-trump/trump-serves-meals-border-troops-picks-texas-governors-endorsement,https://justthenews.com/politics-policy/all-things-trump/trump-serves-meals-border-troops-picks-texas-governors-endorsement,PROPN,ADD,https://justthenews.com/politics-policy/all-things-trump/trump-serves-meals-border-troops-picks-texas-governors-endorsement_PROPN
24,2019-12-25,RT,RT,PROPN,NNP,RT_PROPN
24,2019-12-25,@FLOTUS,@flotus,PROPN,NNP,@flotus_PROPN
24,2019-12-25,:,:,PUNCT,:,:_PUNCT
24,2019-12-25,Wishing,wish,VERB,VBG,wish_VERB
24,2019-12-25,you,you,PRON,PRP,you_PRON
24,2019-12-25,all,all,DET,PDT,all_DET
24,2019-12-25,a,a,DET,DT,a_DET
24,2019-12-25,very,very,ADV,RB,very_ADV
24,2019-12-25,#,#,SYM,NN,#_SYM
24,2019-12-25,MerryChristmas,MerryChristmas,PROPN,NNP,MerryChristmas_PROPN
24,2019-12-25,!,!,PUNCT,.,!_PUNCT
24,2019-12-25,May,may,AUX,MD,may_AUX
24,2019-12-25,your,your,PRON,PRP$,your_PRON
24,2019-12-25,day,day,NOUN,NN,day_NOUN
24,2019-12-25,be,be,AUX,VB,be_AUX
24,2019-12-25,filled,fill,VERB,VBN,fill_VERB
24,2019-12-25,with,with,ADP,IN,with_ADP
24,2019-12-25,peace,peace,NOUN,NN,peace_NOUN
24,2019-12-25,",",",",PUNCT,",",",_PUNCT"
24,2019-12-25,love,love,NOUN,NN,love_NOUN
24,2019-12-25,and,and,CCONJ,CC,and_CCONJ
24,2019-12-25,happiness,happiness,NOUN,NN,happiness_NOUN
24,2019-12-25,!,!,PUNCT,.,!_PUNCT
24,2019-12-25,https://t.co/yE6Vejihfo,https://t.co/yE6Vejihfo,PROPN,ADD,https://t.co/yE6Vejihfo_PROPN
25,2025-03-12,The,the,DET,DT,the_DET
25,2025-03-12,United,United,ADJ,NNP,United_ADJ
25,2025-03-12,States,State,PROPN,NNPS,State_PROPN
25,2025-03-12,of,of,ADP,IN,of_ADP
25,2025-03-12,America,America,PROPN,NNP,America_PROPN
25,2025-03-12,is,be,AUX,VBZ,be_AUX
25,2025-03-12,going,go,VERB,VBG,go_VERB
25,2025-03-12,to,to,PART,TO,to_PART
25,2025-03-12,take,take,VERB,VB,take_VERB
25,2025-03-12,back,back,ADP,RP,back_ADP
25,2025-03-12,a,a,DET,DT,a_DET
25,2025-03-12,lot,lot,NOUN,NN,lot_NOUN
25,2025-03-12,of,of,ADP,IN,of_ADP
25,2025-03-12,what,what,PRON,WP,what_PRON
25,2025-03-12,was,be,AUX,VBD,be_AUX
25,2025-03-12,stolen,steal,VERB,VBN,steal_VERB
25,2025-03-12,from,from,ADP,IN,from_ADP
25,2025-03-12,it,it,PRON,PRP,it_PRON
25,2025-03-12,by,by,ADP,IN,by_ADP
25,2025-03-12,other,other,ADJ,JJ,other_ADJ
25,2025-03-12,countries,country,NOUN,NNS,country_NOUN
25,2025-03-12,and,and,CCONJ,CC,and_CCONJ
25,2025-03-12,",",",",PUNCT,",",",_PUNCT"
25,2025-03-12,frankly,frankly,ADV,RB,frankly_ADV
25,2025-03-12,",",",",PUNCT,",",",_PUNCT"
25,2025-03-12,by,by,ADP,IN,by_ADP
25,2025-03-12,incompetent,incompetent,ADJ,JJ,incompetent_ADJ
25,2025-03-12,U.S.,U.S.,PROPN,NNP,U.S._PROPN
25,2025-03-12,leadership,leadership,NOUN,NN,leadership_NOUN
25,2025-03-12,.,.,PUNCT,.,._PUNCT
25,2025-03-12,We,we,PRON,PRP,we_PRON
25,2025-03-12,'re,be,AUX,VBP,be_AUX
25,2025-03-12,going,go,VERB,VBG,go_VERB
25,2025-03-12,to,to,PART,TO,to_PART
25,2025-03-12,take,take,VERB,VB,take_VERB
25,2025-03-12,back,back,ADP,RP,back_ADP
25,2025-03-12,our,our,PRON,PRP$,our_PRON
25,2025-03-12,wealth,wealth,NOUN,NN,wealth_NOUN
25,2025-03-12,and,and,CCONJ,CC,and_CCONJ
25,2025-03-12,we,we,PRON,PRP,we_PRON
25,2025-03-12,'re,be,AUX,VBP,be_AUX
25,2025-03-12,take,take,VERB,VB,take_VERB
25,2025-03-12,back,back,ADP,RP,back_ADP
25,2025-03-12,a,a,DET,DT,a_DET
25,2025-03-12,lot,lot,NOUN,NN,lot_NOUN
25,2025-03-12,of,of,ADP,IN,of_ADP
25,2025-03-12,the,the,DET,DT,the_DET
25,2025-03-12,companies,company,NOUN,NNS,company_NOUN
25,2025-03-12,that,that,PRON,WDT,that_PRON
25,2025-03-12,left,leave,VERB,VBD,leave_VERB
25,2025-03-12,‚Ä¶,‚Ä¶,PUNCT,:,‚Ä¶_PUNCT
27,2011-09-06,RT,RT,PROPN,NNP,RT_PROPN
27,2011-09-06,@mrddmiaIf,@mrddmiaIf,PROPN,NNP,@mrddmiaIf_PROPN
27,2011-09-06,Trump,Trump,PROPN,NNP,Trump_PROPN
27,2011-09-06,did,do,AUX,VBD,do_AUX
27,2011-09-06,n't,not,PART,RB,not_PART
27,2011-09-06,incite,incite,VERB,VB,incite_VERB
27,2011-09-06,the,the,DET,DT,the_DET
27,2011-09-06,January,January,PROPN,NNP,January_PROPN
27,2011-09-06,6th,6th,ADJ,JJ,6th_ADJ
27,2011-09-06,riot,riot,NOUN,NN,riot_NOUN
27,2011-09-06,",",",",PUNCT,",",",_PUNCT"
27,2011-09-06,what,what,PRON,WP,what_PRON
27,2011-09-06,'s,be,AUX,VBZ,be_AUX
27,2011-09-06,the,the,DET,DT,the_DET
27,2011-09-06,actual,actual,ADJ,JJ,actual_ADJ
27,2011-09-06,crime,crime,NOUN,NN,crime_NOUN
27,2011-09-06,and,and,CCONJ,CC,and_CCONJ
27,2011-09-06,conspiracy,conspiracy,NOUN,NN,conspiracy_NOUN
27,2011-09-06,?,?,PUNCT,.,?_PUNCT
27,2011-09-06,Objecting,object,VERB,VBG,object_VERB
27,2011-09-06,to,to,ADP,IN,to_ADP
27,2011-09-06,the,the,DET,DT,the_DET
27,2011-09-06,election,election,NOUN,NN,election_NOUN
27,2011-09-06,--,--,PUNCT,",",--_PUNCT
27,2011-09-06,and,and,CCONJ,CC,and_CCONJ
27,2011-09-06,submitting,submitt,VERB,VBG,submitt_VERB
27,2011-09-06,contingent,contingent,ADJ,JJ,contingent_ADJ
27,2011-09-06,electors,elector,NOUN,NNS,elector_NOUN
27,2011-09-06,?,?,PUNCT,.,?_PUNCT
27,2011-09-06,Allowed,allow,VERB,VBN,allow_VERB
27,2011-09-06,by,by,ADP,IN,by_ADP
27,2011-09-06,Electoral,Electoral,ADJ,NNP,Electoral_ADJ
27,2011-09-06,Count,Count,PROPN,NNP,Count_PROPN
27,2011-09-06,Act,Act,PROPN,NNP,Act_PROPN
27,2011-09-06,of,of,ADP,IN,of_ADP
27,2011-09-06,1887,1887,NUM,CD,1887_NUM
27,2011-09-06,.,.,PUNCT,.,._PUNCT
27,2011-09-06,Twisting,twist,VERB,VBG,twist_VERB
27,2011-09-06,political,political,ADJ,JJ,political_ADJ
27,2011-09-06,arms,arm,NOUN,NNS,arm_NOUN
27,2011-09-06,?,?,PUNCT,.,?_PUNCT
27,2011-09-06,Allowed,allow,VERB,VBN,allow_VERB
27,2011-09-06,by,by,ADP,IN,by_ADP
27,2011-09-06,First,first,ADJ,NNP,first_ADJ
27,2011-09-06,Amendment,Amendment,PROPN,NNP,Amendment_PROPN
27,2011-09-06,.,.,PUNCT,.,._PUNCT
27,2011-09-06,Trump,Trump,PROPN,NNP,Trump_PROPN
27,2011-09-06,'s,'s,PART,POS,'s_PART
27,2011-09-06,"""","""",PUNCT,``,"""_PUNCT"
27,2011-09-06,crime,crime,NOUN,NN,crime_NOUN
27,2011-09-06,"""","""",PUNCT,'',"""_PUNCT"
27,2011-09-06,?,?,PUNCT,.,?_PUNCT
27,2011-09-06,Winning,win,VERB,VBG,win_VERB
27,2011-09-06,in,in,ADP,IN,in_ADP
27,2011-09-06,2016,2016,NUM,CD,2016_NUM
27,2011-09-06,.,.,PUNCT,.,._PUNCT
28,2018-11-02,JOBS,jobs,NOUN,NN,jobs_NOUN
28,2018-11-02,",",",",PUNCT,",",",_PUNCT"
28,2018-11-02,JOBS,jobs,NOUN,NN,jobs_NOUN
28,2018-11-02,",",",",PUNCT,",",",_PUNCT"
28,2018-11-02,JOBS,jobs,NOUN,NN,jobs_NOUN
28,2018-11-02,!,!,PUNCT,.,!_PUNCT
28,2018-11-02,#MAGA,#MAGA,PROPN,ADD,#MAGA_PROPN
28,2018-11-02,https://t.co/ZqPjsPUX0t,https://t.co/ZqPjsPUX0t,PROPN,ADD,https://t.co/ZqPjsPUX0t_PROPN
29,2017-09-27,Facebook,Facebook,PROPN,NNP,Facebook_PROPN
29,2017-09-27,was,be,AUX,VBD,be_AUX
29,2017-09-27,always,always,ADV,RB,always_ADV
29,2017-09-27,anti-Trump,anti-Trump,PROPN,NNP,anti-Trump_PROPN
29,2017-09-27,.,.,PUNCT,.,._PUNCT
29,2017-09-27,The,the,DET,DT,the_DET
29,2017-09-27,Networks,network,NOUN,NNS,network_NOUN
29,2017-09-27,were,be,AUX,VBD,be_AUX
29,2017-09-27,always,always,ADV,RB,always_ADV
29,2017-09-27,anti-,anti-,ADP,IN,anti-_ADP
29,2017-09-27,Trump,Trump,PROPN,NNP,Trump_PROPN
29,2017-09-27,hence,hence,ADV,RB,hence_ADV
29,2017-09-27,",",",",PUNCT,",",",_PUNCT"
29,2017-09-27,Fake,Fake,ADJ,JJ,Fake_ADJ
29,2017-09-27,News,News,PROPN,NNP,News_PROPN
29,2017-09-27,",",",",PUNCT,",",",_PUNCT"
29,2017-09-27,@nytimes,@nytime,NOUN,NNS,@nytime_NOUN
29,2017-09-27,(,(,PUNCT,-LRB-,(_PUNCT
29,2017-09-27,apologized,apologize,VERB,VBN,apologize_VERB
29,2017-09-27,),),PUNCT,-RRB-,)_PUNCT
29,2017-09-27,&amp,&amp,NOUN,NN,&amp_NOUN
29,2017-09-27,",",",",PUNCT,",",",_PUNCT"
29,2017-09-27,@WaPo,@WaPo,PROPN,NNP,@WaPo_PROPN
29,2017-09-27,were,be,AUX,VBD,be_AUX
29,2017-09-27,anti-Trump,anti-Trump,PROPN,NNP,anti-Trump_PROPN
29,2017-09-27,.,.,PUNCT,.,._PUNCT
29,2017-09-27,Collusion,collusion,NOUN,NN,collusion_NOUN
29,2017-09-27,?,?,PUNCT,.,?_PUNCT
30,2014-09-01,"""","""",PUNCT,``,"""_PUNCT"
30,2014-09-01,"""","""",PUNCT,``,"""_PUNCT"
30,2014-09-01,@NPHerron,@NPHerron,PROPN,NNP,@NPHerron_PROPN
30,2014-09-01,:,:,PUNCT,:,:_PUNCT
30,2014-09-01,@realDonaldTrump,@realDonaldTrump,PROPN,NNP,@realDonaldTrump_PROPN
30,2014-09-01,For,for,ADP,IN,for_ADP
30,2014-09-01,president,president,PROPN,NNP,president_PROPN
30,2014-09-01,#,#,SYM,NN,#_SYM
30,2014-09-01,2016election,2016election,PROPN,NNP,2016election_PROPN
30,2014-09-01,"""","""",PUNCT,'',"""_PUNCT"
30,2014-09-01,"""","""",PUNCT,'',"""_PUNCT"
31,2013-07-17,The,the,DET,DT,the_DET
31,2013-07-17,Zimmerman,Zimmerman,PROPN,NNP,Zimmerman_PROPN
31,2013-07-17,trial,trial,NOUN,NN,trial_NOUN
31,2013-07-17,is,be,AUX,VBZ,be_AUX
31,2013-07-17,over,over,ADV,RB,over_ADV
31,2013-07-17,.,.,PUNCT,.,._PUNCT
31,2013-07-17,It,it,PRON,PRP,it_PRON
31,2013-07-17,is,be,AUX,VBZ,be_AUX
31,2013-07-17,time,time,NOUN,NN,time_NOUN
31,2013-07-17,to,to,PART,TO,to_PART
31,2013-07-17,move,move,VERB,VB,move_VERB
31,2013-07-17,on,on,ADP,RP,on_ADP
31,2013-07-17,.,.,PUNCT,.,._PUNCT
31,2013-07-17,While,while,SCONJ,IN,while_SCONJ
31,2013-07-17,Zimmerman,Zimmerman,PROPN,NNP,Zimmerman_PROPN
31,2013-07-17,is,be,AUX,VBZ,be_AUX
31,2013-07-17,no,no,DET,DT,no_DET
31,2013-07-17,angel,angel,NOUN,NN,angel_NOUN
31,2013-07-17,",",",",PUNCT,",",",_PUNCT"
31,2013-07-17,he,he,PRON,PRP,he_PRON
31,2013-07-17,was,be,AUX,VBD,be_AUX
31,2013-07-17,acquitted,acquitt,VERB,VBN,acquitt_VERB
31,2013-07-17,and,and,CCONJ,CC,and_CCONJ
31,2013-07-17,should,should,AUX,MD,should_AUX
31,2013-07-17,be,be,AUX,VB,be_AUX
31,2013-07-17,able,able,ADJ,JJ,able_ADJ
31,2013-07-17,to,to,PART,TO,to_PART
31,2013-07-17,move,move,VERB,VB,move_VERB
31,2013-07-17,on,on,ADP,RP,on_ADP
31,2013-07-17,.,.,PUNCT,.,._PUNCT
32,2020-11-07,RT,RT,PROPN,NNP,RT_PROPN
32,2020-11-07,@dbongino,@dbongino,PROPN,NNP,@dbongino_PROPN
32,2020-11-07,:,:,PUNCT,:,:_PUNCT
32,2020-11-07,The,the,DET,DT,the_DET
32,2020-11-07,Polls,Polls,PROPN,NNPS,Polls_PROPN
32,2020-11-07,Were,be,AUX,VBD,be_AUX
32,2020-11-07,More,more,ADV,RBR,more_ADV
32,2020-11-07,Wrong,wrong,ADJ,JJ,wrong_ADJ
32,2020-11-07,in,in,ADP,IN,in_ADP
32,2020-11-07,2020,2020,NUM,CD,2020_NUM
32,2020-11-07,Than,then,ADV,RB,then_ADV
32,2020-11-07,in,in,ADP,IN,in_ADP
32,2020-11-07,2016,2016,NUM,CD,2016_NUM
32,2020-11-07,üëáüëá,üëáüëá,PUNCT,",",üëáüëá_PUNCT
32,2020-11-07,https://t.co/LpepzKdlp1,https://t.co/LpepzKdlp1,PROPN,ADD,https://t.co/LpepzKdlp1_PROPN
33,2011-09-11,RT,RT,PROPN,NNP,RT_PROPN
33,2011-09-11,@IStandWithTrump47November,@IStandWithTrump47November,PROPN,NNP,@IStandWithTrump47November_PROPN
33,2011-09-11,5th,5th,NOUN,NN,5th_NOUN
33,2011-09-11,ca,can,AUX,MD,can_AUX
33,2011-09-11,n‚Äôt,not,PART,RB,not_PART
33,2011-09-11,come,come,VERB,VB,come_VERB
33,2011-09-11,fast,fast,ADV,RB,fast_ADV
33,2011-09-11,enough,enough,ADV,RB,enough_ADV
33,2011-09-11,!,!,PUNCT,.,!_PUNCT
33,2011-09-11,üôèüá∫üá∏‚ù§Ô∏è,üôèüá∫üá∏‚ù§Ô∏è,PUNCT,NFP,üôèüá∫üá∏‚ù§Ô∏è_PUNCT
33,2011-09-11,#,#,SYM,NN,#_SYM
33,2011-09-11,Trump2024,Trump2024,PROPN,ADD,Trump2024_PROPN
33,2011-09-11,#,#,SYM,NN,#_SYM
33,2011-09-11,Maga4TheFelon,Maga4TheFelon,PROPN,NNP,Maga4TheFelon_PROPN
33,2011-09-11,#,#,SYM,NN,#_SYM
33,2011-09-11,TooBigToRig,TooBigToRig,PROPN,NNP,TooBigToRig_PROPN
34,2015-05-15,"""","""",PUNCT,``,"""_PUNCT"
34,2015-05-15,"""","""",PUNCT,``,"""_PUNCT"
34,2015-05-15,@JDrago28,@JDrago28,PROPN,NNP,@JDrago28_PROPN
34,2015-05-15,:,:,PUNCT,:,:_PUNCT
34,2015-05-15,It,it,PRON,PRP,it_PRON
34,2015-05-15,was,be,AUX,VBD,be_AUX
34,2015-05-15,such,such,DET,PDT,such_DET
34,2015-05-15,an,a,DET,DT,a_DET
34,2015-05-15,honor,honor,NOUN,NN,honor_NOUN
34,2015-05-15,to,to,PART,TO,to_PART
34,2015-05-15,meet,meet,VERB,VB,meet_VERB
34,2015-05-15,@realDonaldTrump,@realDonaldTrump,PROPN,NNP,@realDonaldTrump_PROPN
34,2015-05-15,today,today,NOUN,NN,today_NOUN
34,2015-05-15,in,in,ADP,IN,in_ADP
34,2015-05-15,New,New,ADJ,NNP,New_ADJ
34,2015-05-15,Hampshire,Hampshire,PROPN,NNP,Hampshire_PROPN
34,2015-05-15,!,!,PUNCT,.,!_PUNCT
34,2015-05-15,What,what,DET,WDT,what_DET
34,2015-05-15,a,a,DET,DT,a_DET
34,2015-05-15,great,great,ADJ,JJ,great_ADJ
34,2015-05-15,man,man,NOUN,NN,man_NOUN
34,2015-05-15,!,!,PUNCT,.,!_PUNCT
34,2015-05-15,#,#,SYM,NN,#_SYM
34,2015-05-15,NH,NH,PROPN,NNP,NH_PROPN
34,2015-05-15,#business,#business,PROPN,NNP,#business_PROPN
34,2015-05-15,http://t.co/VWxnWsTmBH,http://t.co/VWxnWsTmBH,PROPN,NNP,http://t.co/VWxnWsTmBH_PROPN
34,2015-05-15,"""","""",PUNCT,'',"""_PUNCT"
34,2015-05-15,"""","""",PUNCT,'',"""_PUNCT"
35,2019-07-24,Why,why,ADV,WRB,why_ADV
35,2019-07-24,did,do,AUX,VBD,do_AUX
35,2019-07-24,n‚Äôt,not,PART,RB,not_PART
35,2019-07-24,Robert,Robert,PROPN,NNP,Robert_PROPN
35,2019-07-24,Mueller,Mueller,PROPN,NNP,Mueller_PROPN
35,2019-07-24,&amp,&amp,NOUN,NN,&amp_NOUN
35,2019-07-24,",",",",PUNCT,",",",_PUNCT"
35,2019-07-24,his,his,PRON,PRP$,his_PRON
35,2019-07-24,band,band,NOUN,NN,band_NOUN
35,2019-07-24,of,of,ADP,IN,of_ADP
35,2019-07-24,18,18,NUM,CD,18_NUM
35,2019-07-24,Angry,Angry,ADJ,JJ,Angry_ADJ
35,2019-07-24,Democrats,Democrat,PROPN,NNPS,Democrat_PROPN
35,2019-07-24,spend,spend,VERB,VB,spend_VERB
35,2019-07-24,any,any,DET,DT,any_DET
35,2019-07-24,time,time,NOUN,NN,time_NOUN
35,2019-07-24,investigating,investigate,VERB,VBG,investigate_VERB
35,2019-07-24,Crooked,Crooked,ADJ,JJ,Crooked_ADJ
35,2019-07-24,Hillary,Hillary,PROPN,NNP,Hillary_PROPN
35,2019-07-24,Clinton,Clinton,PROPN,NNP,Clinton_PROPN
35,2019-07-24,",",",",PUNCT,",",",_PUNCT"
35,2019-07-24,Lyin,Lyin,PROPN,NNP,Lyin_PROPN
35,2019-07-24,‚Äô,'s,PART,POS,'s_PART
35,2019-07-24,&amp,&amp,PROPN,NNP,&amp_PROPN
35,2019-07-24,",",",",PUNCT,",",",_PUNCT"
35,2019-07-24,Leakin‚Äô,Leakin‚Äô,PROPN,NNP,Leakin‚Äô_PROPN
35,2019-07-24,James,James,PROPN,NNP,James_PROPN
35,2019-07-24,Comey,Comey,PROPN,NNP,Comey_PROPN
35,2019-07-24,",",",",PUNCT,",",",_PUNCT"
35,2019-07-24,Lisa,Lisa,PROPN,NNP,Lisa_PROPN
35,2019-07-24,Page,Page,PROPN,NNP,Page_PROPN
35,2019-07-24,and,and,CCONJ,CC,and_CCONJ
35,2019-07-24,her,her,PRON,PRP$,her_PRON
35,2019-07-24,Psycho,psycho,NOUN,NN,psycho_NOUN
35,2019-07-24,lover,lover,NOUN,NN,lover_NOUN
35,2019-07-24,",",",",PUNCT,",",",_PUNCT"
35,2019-07-24,Peter,Peter,PROPN,NNP,Peter_PROPN
35,2019-07-24,S,S,PROPN,NNP,S_PROPN
35,2019-07-24,",",",",PUNCT,",",",_PUNCT"
35,2019-07-24,Andy,Andy,PROPN,NNP,Andy_PROPN
35,2019-07-24,McCabe,McCabe,PROPN,NNP,McCabe_PROPN
35,2019-07-24,",",",",PUNCT,",",",_PUNCT"
35,2019-07-24,the,the,DET,DT,the_DET
35,2019-07-24,beautiful,beautiful,ADJ,JJ,beautiful_ADJ
35,2019-07-24,Ohr,Ohr,PROPN,NNP,Ohr_PROPN
35,2019-07-24,family,family,NOUN,NN,family_NOUN
35,2019-07-24,",",",",PUNCT,",",",_PUNCT"
35,2019-07-24,Fusion,Fusion,PROPN,NNP,Fusion_PROPN
35,2019-07-24,GPS,GPS,PROPN,NNP,GPS_PROPN
35,2019-07-24,",",",",PUNCT,",",",_PUNCT"
35,2019-07-24,and,and,CCONJ,CC,and_CCONJ
35,2019-07-24,many,many,ADJ,JJ,many_ADJ
35,2019-07-24,more,more,ADJ,JJR,more_ADJ
35,2019-07-24,",",",",PUNCT,",",",_PUNCT"
35,2019-07-24,including,include,VERB,VBG,include_VERB
35,2019-07-24,HIMSELF,himself,PRON,PRP,himself_PRON
35,2019-07-24,&amp,&amp,NOUN,NN,&amp_NOUN
35,2019-07-24,",",",",PUNCT,",",",_PUNCT"
35,2019-07-24,Andrew,Andrew,PROPN,NNP,Andrew_PROPN
35,2019-07-24,W,W,PROPN,NNP,W_PROPN
35,2019-07-24,?,?,PUNCT,.,?_PUNCT
36,2020-05-07,Today,today,NOUN,NN,today_NOUN
36,2020-05-07,",",",",PUNCT,",",",_PUNCT"
36,2020-05-07,@FLOTUS,@flotus,PROPN,NNP,@flotus_PROPN
36,2020-05-07,celebrates,celebrate,VERB,VBZ,celebrate_VERB
36,2020-05-07,the,the,DET,DT,the_DET
36,2020-05-07,two,two,NUM,CD,two_NUM
36,2020-05-07,year,year,NOUN,NN,year_NOUN
36,2020-05-07,anniversary,anniversary,NOUN,NN,anniversary_NOUN
36,2020-05-07,of,of,ADP,IN,of_ADP
36,2020-05-07,#,#,SYM,NN,#_SYM
36,2020-05-07,BeBest,BeBest,PROPN,NNP,BeBest_PROPN
36,2020-05-07,",",",",PUNCT,",",",_PUNCT"
36,2020-05-07,her,her,PRON,PRP$,her_PRON
36,2020-05-07,initiative,initiative,NOUN,NN,initiative_NOUN
36,2020-05-07,dedicated,dedicate,VERB,VBN,dedicate_VERB
36,2020-05-07,to,to,SCONJ,IN,to_SCONJ
36,2020-05-07,bringing,bring,VERB,VBG,bring_VERB
36,2020-05-07,awareness,awareness,NOUN,NN,awareness_NOUN
36,2020-05-07,to,to,ADP,IN,to_ADP
36,2020-05-07,issues,issue,NOUN,NNS,issue_NOUN
36,2020-05-07,that,that,PRON,WDT,that_PRON
36,2020-05-07,impact,impact,VERB,VBP,impact_VERB
36,2020-05-07,the,the,DET,DT,the_DET
36,2020-05-07,lives,life,NOUN,NNS,life_NOUN
36,2020-05-07,of,of,ADP,IN,of_ADP
36,2020-05-07,children,child,NOUN,NNS,child_NOUN
36,2020-05-07,.,.,PUNCT,.,._PUNCT
36,2020-05-07,Congratulations,congratulation,NOUN,NNS,congratulation_NOUN
36,2020-05-07,",",",",PUNCT,",",",_PUNCT"
36,2020-05-07,and,and,CCONJ,CC,and_CCONJ
36,2020-05-07,thank,thank,VERB,VBP,thank_VERB
36,2020-05-07,you,you,PRON,PRP,you_PRON
36,2020-05-07,!,!,PUNCT,.,!_PUNCT
36,2020-05-07,https://t.co/3jM5GfSvfg,https://t.co/3jM5GfSvfg,PROPN,ADD,https://t.co/3jM5GfSvfg_PROPN
36,2020-05-07,https://t.co/dvh1MnzcFK,https://t.co/dvh1MnzcFK,PROPN,ADD,https://t.co/dvh1MnzcFK_PROPN
37,2017-05-20,Thank,thank,VERB,VBP,thank_VERB
37,2017-05-20,you,you,PRON,PRP,you_PRON
37,2017-05-20,to,to,ADP,IN,to_ADP
37,2017-05-20,the,the,DET,DT,the_DET
37,2017-05-20,BRAVE,brave,ADJ,JJ,brave_ADJ
37,2017-05-20,servicemen,servicemen,NOUN,NNS,servicemen_NOUN
37,2017-05-20,&amp,&amp,NOUN,NN,&amp_NOUN
37,2017-05-20,",",",",PUNCT,",",",_PUNCT"
37,2017-05-20,women,woman,NOUN,NNS,woman_NOUN
37,2017-05-20,who,who,PRON,WP,who_PRON
37,2017-05-20,have,have,AUX,VBP,have_AUX
37,2017-05-20,served,serve,VERB,VBN,serve_VERB
37,2017-05-20,",",",",PUNCT,",",",_PUNCT"
37,2017-05-20,and,and,CCONJ,CC,and_CCONJ
37,2017-05-20,continue,continue,VERB,VBP,continue_VERB
37,2017-05-20,to,to,PART,TO,to_PART
37,2017-05-20,serve,serve,VERB,VB,serve_VERB
37,2017-05-20,the,the,DET,DT,the_DET
37,2017-05-20,United,Unite,VERB,NNP,Unite_VERB
37,2017-05-20,States,State,PROPN,NNPS,State_PROPN
37,2017-05-20,-,-,PUNCT,",",-_PUNCT
37,2017-05-20,our,our,PRON,PRP$,our_PRON
37,2017-05-20,true,true,ADJ,JJ,true_ADJ
37,2017-05-20,HEROES,heroes,NOUN,NNS,heroes_NOUN
37,2017-05-20,...,...,PUNCT,.,..._PUNCT
37,2017-05-20,https://t.co/ZTV9F639xM,https://t.co/ZTV9F639xM,PROPN,ADD,https://t.co/ZTV9F639xM_PROPN
38,2020-08-20,THANK,thank,VERB,VBP,thank_VERB
38,2020-08-20,YOU,you,PRON,PRP,you_PRON
38,2020-08-20,PENNSYLVANIA,PENNSYLVANIA,PROPN,NNP,PENNSYLVANIA_PROPN
38,2020-08-20,!,!,PUNCT,.,!_PUNCT
38,2020-08-20,#MAGA,#MAGA,PROPN,ADD,#MAGA_PROPN
38,2020-08-20,https://t.co/5BfdRyDD6a,https://t.co/5BfdRyDD6a,PROPN,ADD,https://t.co/5BfdRyDD6a_PROPN
39,2020-06-11,THOSE,those,PRON,DT,those_PRON
39,2020-06-11,THAT,that,PRON,DT,that_PRON
39,2020-06-11,DENY,deny,VERB,VBP,deny_VERB
39,2020-06-11,THEIR,there,PRON,PRP$,there_PRON
39,2020-06-11,HISTORY,history,NOUN,NN,history_NOUN
39,2020-06-11,ARE,be,AUX,VBP,be_AUX
39,2020-06-11,DOOMED,doomed,ADJ,JJ,doomed_ADJ
39,2020-06-11,TO,to,PART,TO,to_PART
39,2020-06-11,REPEAT,repeat,VERB,VB,repeat_VERB
39,2020-06-11,IT,it,PRON,PRP,it_PRON
39,2020-06-11,!,!,PUNCT,.,!_PUNCT
40,2011-09-12,https://www.washingtonexaminer.com/news/campaigns/presidential/3143416/trump-playing-offense-democrats-on-defense-whatley/,https://www.washingtonexaminer.com/news/campaigns/presidential/3143416/trump-playing-offense-democrats-on-defense-whatley/,PROPN,ADD,https://www.washingtonexaminer.com/news/campaigns/presidential/3143416/trump-playing-offense-democrats-on-defense-whatley/_PROPN
41,2019-11-13,RT,RT,PROPN,NNP,RT_PROPN
41,2019-11-13,@,@,ADP,IN,@_ADP
41,2019-11-13,IvankaTrump,IvankaTrump,PROPN,NNP,IvankaTrump_PROPN
41,2019-11-13,:,:,PUNCT,:,:_PUNCT
41,2019-11-13,It,it,PRON,PRP,it_PRON
41,2019-11-13,is,be,AUX,VBZ,be_AUX
41,2019-11-13,an,a,DET,DT,a_DET
41,2019-11-13,honor,honor,NOUN,NN,honor_NOUN
41,2019-11-13,to,to,PART,TO,to_PART
41,2019-11-13,serve,serve,VERB,VB,serve_VERB
41,2019-11-13,our,our,PRON,PRP$,our_PRON
41,2019-11-13,great,great,ADJ,JJ,great_ADJ
41,2019-11-13,Country,country,NOUN,NN,country_NOUN
41,2019-11-13,and,and,CCONJ,CC,and_CCONJ
41,2019-11-13,fight,fight,VERB,VB,fight_VERB
41,2019-11-13,for,for,ADP,IN,for_ADP
41,2019-11-13,America,America,PROPN,NNP,America_PROPN
41,2019-11-13,‚Äôs,'s,PART,POS,'s_PART
41,2019-11-13,workers,worker,NOUN,NNS,worker_NOUN
41,2019-11-13,!,!,PUNCT,.,!_PUNCT
41,2019-11-13,üá∫üá∏,üá∫üá∏,PUNCT,NFP,üá∫üá∏_PUNCT
41,2019-11-13,https://t.co/ZAhfkqDII8,https://t.co/ZAhfkqDII8,PROPN,ADD,https://t.co/ZAhfkqDII8_PROPN
42,2013-06-28,Situated,situate,VERB,VBN,situate_VERB
42,2013-06-28,in,in,ADP,IN,in_ADP
42,2013-06-28,the,the,DET,DT,the_DET
42,2013-06-28,heart,heart,NOUN,NN,heart_NOUN
42,2013-06-28,of,of,ADP,IN,of_ADP
42,2013-06-28,downtown,downtown,NOUN,NN,downtown_NOUN
42,2013-06-28,Toronto,Toronto,PROPN,NNP,Toronto_PROPN
42,2013-06-28,",",",",PUNCT,",",",_PUNCT"
42,2013-06-28,the,the,DET,DT,the_DET
42,2013-06-28,65,65,NUM,CD,65_NUM
42,2013-06-28,story,story,NOUN,NN,story_NOUN
42,2013-06-28,@TrumpTO,@TrumpTO,PROPN,NNP,@TrumpTO_PROPN
42,2013-06-28,offers,offer,VERB,VBZ,offer_VERB
42,2013-06-28,an,a,DET,DT,a_DET
42,2013-06-28,elegant,elegant,ADJ,JJ,elegant_ADJ
42,2013-06-28,and,and,CCONJ,CC,and_CCONJ
42,2013-06-28,wonderful,wonderful,ADJ,JJ,wonderful_ADJ
42,2013-06-28,lifestyle,lifestyle,NOUN,NN,lifestyle_NOUN
42,2013-06-28,http://t.co/1u2PNTPMCZ,http://t.co/1u2PNTPMCZ,PROPN,ADD,http://t.co/1u2PNTPMCZ_PROPN
43,2011-09-05,RT,RT,PROPN,NNP,RT_PROPN
43,2011-09-05,@realDonaldTrumpUsing,@realDonaldTrumpUsing,PROPN,NNP,@realDonaldTrumpUsing_PROPN
43,2011-09-05,Impoundment,impoundment,NOUN,NN,impoundment_NOUN
43,2011-09-05,to,to,PART,TO,to_PART
43,2011-09-05,Slash,slash,VERB,VB,slash_VERB
43,2011-09-05,Waste,waste,NOUN,NN,waste_NOUN
43,2011-09-05,",",",",PUNCT,",",",_PUNCT"
43,2011-09-05,Stop,stop,VERB,VB,stop_VERB
43,2011-09-05,Inflation,inflation,NOUN,NN,inflation_NOUN
43,2011-09-05,",",",",PUNCT,",",",_PUNCT"
43,2011-09-05,and,and,CCONJ,CC,and_CCONJ
43,2011-09-05,Crush,Crush,VERB,VB,Crush_VERB
43,2011-09-05,the,the,DET,DT,the_DET
43,2011-09-05,Deep,deep,ADJ,JJ,deep_ADJ
43,2011-09-05,State,state,NOUN,NN,state_NOUN
43,2011-09-05,!,!,PUNCT,.,!_PUNCT
43,2011-09-05,#AGENDA47,#AGENDA47,PROPN,ADD,#AGENDA47_PROPN
44,2011-09-05,RT,RT,PROPN,NNP,RT_PROPN
44,2011-09-05,@gatewaypunditANOTHER,@gatewaypunditANOTHER,PROPN,NNP,@gatewaypunditANOTHER_PROPN
44,2011-09-05,BOGUS,bogus,ADJ,JJ,bogus_ADJ
44,2011-09-05,ATTACK,attack,NOUN,NN,attack_NOUN
44,2011-09-05,:,:,PUNCT,:,:_PUNCT
44,2011-09-05,DC,DC,PROPN,NNP,DC_PROPN
44,2011-09-05,Court,Court,PROPN,NNP,Court_PROPN
44,2011-09-05,Already,already,ADV,RB,already_ADV
44,2011-09-05,Ruled,rul,VERB,VBN,rul_VERB
44,2011-09-05,in,in,ADP,IN,in_ADP
44,2011-09-05,2012,2012,NUM,CD,2012_NUM
44,2011-09-05,Case,Case,PROPN,NNP,Case_PROPN
44,2011-09-05,on,on,ADP,IN,on_ADP
44,2011-09-05,Trump,Trump,PROPN,NNP,Trump_PROPN
44,2011-09-05,‚Äôs,'s,PART,POS,'s_PART
44,2011-09-05,Right,right,ADJ,JJ,right_ADJ
44,2011-09-05,to,to,PART,TO,to_PART
44,2011-09-05,Hold,hold,VERB,VB,hold_VERB
44,2011-09-05,White,White,ADJ,NNP,White_ADJ
44,2011-09-05,House,House,PROPN,NNP,House_PROPN
44,2011-09-05,Documents,document,NOUN,NNS,document_NOUN
44,2011-09-05,‚Äì,-,PUNCT,:,-_PUNCT
44,2011-09-05,In,in,ADP,IN,in_ADP
44,2011-09-05,their,their,PRON,PRP$,their_PRON
44,2011-09-05,Ruling,ruling,NOUN,NN,ruling_NOUN
44,2011-09-05,on,on,ADP,IN,on_ADP
44,2011-09-05,Bill,Bill,PROPN,NNP,Bill_PROPN
44,2011-09-05,Clinton,Clinton,PROPN,NNP,Clinton_PROPN
44,2011-09-05,‚Äôs,'s,PART,POS,'s_PART
44,2011-09-05,Right,right,ADJ,JJ,right_ADJ
44,2011-09-05,to,to,PART,TO,to_PART
44,2011-09-05,Hold,hold,VERB,VB,hold_VERB
44,2011-09-05,Secret,Secret,ADJ,NNP,Secret_ADJ
44,2011-09-05,Tapes,Tapes,PROPN,NNPS,Tapes_PROPN
44,2011-09-05,in,in,ADP,IN,in_ADP
44,2011-09-05,His,his,PRON,PRP$,his_PRON
44,2011-09-05,Sock,Sock,PROPN,NNP,Sock_PROPN
44,2011-09-05,Drawer,Drawer,PROPN,NNP,Drawer_PROPN
44,2011-09-05,https://www.thegatewaypundit.com/2023/06/another-bogus-attack-dc-court-already-ruled-2012/?utm_source=rss&amp;utm_medium=rss&amp;utm_campaign=another-bogus-attack-dc-court-already-ruled-2012Follow,https://www.thegatewaypundit.com/2023/06/another-bogus-attack-dc-court-already-ruled-2012/?utm_source=rss&amp;utm_medium=rss&amp;utm_campaign=another-bogus-attack-dc-court-already-ruled-2012Follow,PROPN,NNP,https://www.thegatewaypundit.com/2023/06/another-bogus-attack-dc-court-already-ruled-2012/?utm_source=rss&amp;utm_medium=rss&amp;utm_campaign=another-bogus-attack-dc-court-already-ruled-2012Follow_PROPN
44,2011-09-05,@gatewaypunditofficial,@gatewaypunditofficial,PROPN,ADD,@gatewaypunditofficial_PROPN
45,2020-06-14,Thank,thank,VERB,VBP,thank_VERB
45,2020-06-14,you,you,PRON,PRP,you_PRON
45,2020-06-14,Philip,Philip,PROPN,NNP,Philip_PROPN
45,2020-06-14,!,!,PUNCT,.,!_PUNCT
45,2020-06-14,https://t.co/jGspqbtSgL,https://t.co/jGspqbtSgL,PROPN,ADD,https://t.co/jGspqbtSgL_PROPN
46,2014-05-02,With,with,ADP,IN,with_ADP
46,2014-05-02,@,@,ADP,IN,@_ADP
46,2014-05-02,VanityFair,VanityFair,PROPN,NNP,VanityFair_PROPN
46,2014-05-02,circulation,circulation,NOUN,NN,circulation_NOUN
46,2014-05-02,and,and,CCONJ,CC,and_CCONJ
46,2014-05-02,advertising,advertising,NOUN,NN,advertising_NOUN
46,2014-05-02,revenue,revenue,NOUN,NN,revenue_NOUN
46,2014-05-02,doing,do,VERB,VBG,do_VERB
46,2014-05-02,so,so,ADV,RB,so_ADV
46,2014-05-02,badly,badly,ADV,RB,badly_ADV
46,2014-05-02,",",",",PUNCT,",",",_PUNCT"
46,2014-05-02,rumor,rumor,NOUN,NN,rumor_NOUN
46,2014-05-02,has,have,VERB,VBZ,have_VERB
46,2014-05-02,it,it,PRON,PRP,it_PRON
46,2014-05-02,that,that,SCONJ,IN,that_SCONJ
46,2014-05-02,dopey,dopey,NOUN,NN,dopey_NOUN
46,2014-05-02,Graydon,Graydon,PROPN,NNP,Graydon_PROPN
46,2014-05-02,Carter,Carter,PROPN,NNP,Carter_PROPN
46,2014-05-02,is,be,AUX,VBZ,be_AUX
46,2014-05-02,going,go,VERB,VBG,go_VERB
46,2014-05-02,to,to,PART,TO,to_PART
46,2014-05-02,resign,resign,VERB,VB,resign_VERB
46,2014-05-02,?,?,PUNCT,.,?_PUNCT
46,2014-05-02,He,he,PRON,PRP,he_PRON
46,2014-05-02,should,should,AUX,MD,should_AUX
46,2014-05-02,.,.,PUNCT,.,._PUNCT
47,2014-07-22,Thanks,thanks,NOUN,NN,thanks_NOUN
47,2014-07-22,@,@,ADP,IN,@_ADP
47,2014-07-22,LilJon,LilJon,PROPN,NNP,LilJon_PROPN
47,2014-07-22,for,for,SCONJ,IN,for_SCONJ
47,2014-07-22,coming,come,VERB,VBG,come_VERB
47,2014-07-22,to,to,ADP,IN,to_ADP
47,2014-07-22,my,my,PRON,PRP$,my_PRON
47,2014-07-22,defense,defense,NOUN,NN,defense_NOUN
47,2014-07-22,in,in,ADP,IN,in_ADP
47,2014-07-22,Rolling,Roll,VERB,NNP,Roll_VERB
47,2014-07-22,Stone,Stone,PROPN,NNP,Stone_PROPN
47,2014-07-22,Magazine,Magazine,PROPN,NNP,Magazine_PROPN
47,2014-07-22,.,.,PUNCT,.,._PUNCT
47,2014-07-22,As,as,SCONJ,IN,as_SCONJ
47,2014-07-22,I,I,PRON,PRP,I_PRON
47,2014-07-22,have,have,AUX,VBP,have_AUX
47,2014-07-22,often,often,ADV,RB,often_ADV
47,2014-07-22,said,say,VERB,VBN,say_VERB
47,2014-07-22,",",",",PUNCT,",",",_PUNCT"
47,2014-07-22,you,you,PRON,PRP,you_PRON
47,2014-07-22,are,be,AUX,VBP,be_AUX
47,2014-07-22,a,a,DET,DT,a_DET
47,2014-07-22,terrific,terrific,ADJ,JJ,terrific_ADJ
47,2014-07-22,guy,guy,NOUN,NN,guy_NOUN
47,2014-07-22,!,!,PUNCT,.,!_PUNCT
48,2020-05-02,RT,RT,PROPN,NNP,RT_PROPN
48,2020-05-02,@ScottAdamsSays,@ScottAdamsSaS,PROPN,NNP,@ScottAdamsSaS_PROPN
48,2020-05-02,:,:,PUNCT,:,:_PUNCT
48,2020-05-02,Poll,poll,NOUN,NN,poll_NOUN
48,2020-05-02,for,for,ADP,IN,for_ADP
48,2020-05-02,Democrats,Democrat,PROPN,NNPS,Democrat_PROPN
48,2020-05-02,only,only,ADV,RB,only_ADV
48,2020-05-02,.,.,PUNCT,.,._PUNCT
48,2020-05-02,Are,be,AUX,VBP,be_AUX
48,2020-05-02,you,you,PRON,PRP,you_PRON
48,2020-05-02,aware,aware,ADJ,JJ,aware_ADJ
48,2020-05-02,that,that,SCONJ,IN,that_SCONJ
48,2020-05-02,most,most,ADJ,JJS,most_ADJ
48,2020-05-02,of,of,ADP,IN,of_ADP
48,2020-05-02,the,the,DET,DT,the_DET
48,2020-05-02,political,political,ADJ,JJ,political_ADJ
48,2020-05-02,news,news,NOUN,NN,news_NOUN
48,2020-05-02,you,you,PRON,PRP,you_PRON
48,2020-05-02,consume,consume,VERB,VBP,consume_VERB
48,2020-05-02,is,be,AUX,VBZ,be_AUX
48,2020-05-02,either,either,CCONJ,CC,either_CCONJ
48,2020-05-02,misleading,misleading,ADJ,JJ,misleading_ADJ
48,2020-05-02,and,and,CCONJ,CC,and_CCONJ
48,2020-05-02,out,out,ADP,IN,out_ADP
48,2020-05-02,of,of,ADP,IN,of_ADP
48,2020-05-02,cont,cont,NOUN,NN,cont_NOUN
48,2020-05-02,‚Ä¶,‚Ä¶,PUNCT,.,‚Ä¶_PUNCT
49,2014-10-17,I,I,PRON,PRP,I_PRON
49,2014-10-17,love,love,VERB,VBP,love_VERB
49,2014-10-17,seeing,see,VERB,VBG,see_VERB
49,2014-10-17,that,that,SCONJ,IN,that_SCONJ
49,2014-10-17,Graydon,Graydon,PROPN,NNP,Graydon_PROPN
49,2014-10-17,Carter,Carter,PROPN,NNP,Carter_PROPN
49,2014-10-17,and,and,CCONJ,CC,and_CCONJ
49,2014-10-17,@,@,ADP,IN,@_ADP
49,2014-10-17,VanityFair,VanityFair,PROPN,NNP,VanityFair_PROPN
49,2014-10-17,are,be,AUX,VBP,be_AUX
49,2014-10-17,failing,fail,VERB,VBG,fail_VERB
49,2014-10-17,so,so,ADV,RB,so_ADV
49,2014-10-17,badly,badly,ADV,RB,badly_ADV
49,2014-10-17,.,.,PUNCT,.,._PUNCT
49,2014-10-17,He,he,PRON,PRP,he_PRON
49,2014-10-17,‚Äôs,be,AUX,VBZ,be_AUX
49,2014-10-17,only,only,ADV,RB,only_ADV
49,2014-10-17,focused,focus,VERB,VBN,focus_VERB
49,2014-10-17,on,on,ADP,IN,on_ADP
49,2014-10-17,his,his,PRON,PRP$,his_PRON
49,2014-10-17,bad,bad,ADJ,JJ,bad_ADJ
49,2014-10-17,food,food,NOUN,NN,food_NOUN
49,2014-10-17,restaurants,restaurant,NOUN,NNS,restaurant_NOUN
49,2014-10-17,.,.,PUNCT,.,._PUNCT
50,2025-03-01,The,the,DET,DT,the_DET
50,2025-03-01,month,month,NOUN,NN,month_NOUN
50,2025-03-01,of,of,ADP,IN,of_ADP
50,2025-03-01,February,February,PROPN,NNP,February_PROPN
50,2025-03-01,",",",",PUNCT,",",",_PUNCT"
50,2025-03-01,my,my,PRON,PRP$,my_PRON
50,2025-03-01,first,first,ADJ,JJ,first_ADJ
50,2025-03-01,full,full,ADJ,JJ,full_ADJ
50,2025-03-01,month,month,NOUN,NN,month_NOUN
50,2025-03-01,in,in,ADP,IN,in_ADP
50,2025-03-01,Office,Office,PROPN,NNP,Office_PROPN
50,2025-03-01,",",",",PUNCT,",",",_PUNCT"
50,2025-03-01,had,have,VERB,VBD,have_VERB
50,2025-03-01,the,the,DET,DT,the_DET
50,2025-03-01,LOWEST,lowest,ADJ,JJS,lowest_ADJ
50,2025-03-01,number,number,NOUN,NN,number_NOUN
50,2025-03-01,of,of,ADP,IN,of_ADP
50,2025-03-01,Illegal,illegal,ADJ,JJ,illegal_ADJ
50,2025-03-01,Immigrants,immigrant,NOUN,NNS,immigrant_NOUN
50,2025-03-01,trying,try,VERB,VBG,try_VERB
50,2025-03-01,to,to,PART,TO,to_PART
50,2025-03-01,enter,enter,VERB,VB,enter_VERB
50,2025-03-01,our,our,PRON,PRP$,our_PRON
50,2025-03-01,Country,Country,PROPN,NNP,Country_PROPN
50,2025-03-01,in,in,ADP,IN,in_ADP
50,2025-03-01,History,History,PROPN,NNP,History_PROPN
50,2025-03-01,‚Äì,-,PUNCT,:,-_PUNCT
50,2025-03-01,BY,BY,PROPN,NNP,BY_PROPN
50,2025-03-01,FAR,far,ADV,RB,far_ADV
50,2025-03-01,!,!,PUNCT,.,!_PUNCT
50,2025-03-01,There,there,PRON,EX,there_PRON
50,2025-03-01,were,be,VERB,VBD,be_VERB
50,2025-03-01,only,only,ADV,RB,only_ADV
50,2025-03-01,"8,326","8,326",NUM,CD,"8,326_NUM"
50,2025-03-01,apprehensions,apprehension,NOUN,NNS,apprehension_NOUN
50,2025-03-01,of,of,ADP,IN,of_ADP
50,2025-03-01,Illegals,Illegals,PROPN,NNPS,Illegals_PROPN
50,2025-03-01,by,by,ADP,IN,by_ADP
50,2025-03-01,Border,Border,PROPN,NNP,Border_PROPN
50,2025-03-01,Patrol,Patrol,PROPN,NNP,Patrol_PROPN
50,2025-03-01,at,at,ADP,IN,at_ADP
50,2025-03-01,the,the,DET,DT,the_DET
50,2025-03-01,U.S.,U.S.,PROPN,NNP,U.S._PROPN
50,2025-03-01,-,-,PUNCT,HYPH,-_PUNCT
50,2025-03-01,Mexico,Mexico,PROPN,NNP,Mexico_PROPN
50,2025-03-01,Border,Border,PROPN,NNP,Border_PROPN
50,2025-03-01,",",",",PUNCT,",",",_PUNCT"
50,2025-03-01,all,all,DET,DT,all_DET
50,2025-03-01,of,of,ADP,IN,of_ADP
50,2025-03-01,whom,whom,PRON,WP,whom_PRON
50,2025-03-01,were,be,AUX,VBD,be_AUX
50,2025-03-01,quickly,quickly,ADV,RB,quickly_ADV
50,2025-03-01,ejected,eject,VERB,VBN,eject_VERB
50,2025-03-01,from,from,ADP,IN,from_ADP
50,2025-03-01,our,our,PRON,PRP$,our_PRON
50,2025-03-01,Nation,Nation,PROPN,NNP,Nation_PROPN
50,2025-03-01,or,or,CCONJ,CC,or_CCONJ
50,2025-03-01,",",",",PUNCT,",",",_PUNCT"
50,2025-03-01,when,when,ADV,WRB,when_ADV
50,2025-03-01,necessary,necessary,ADJ,JJ,necessary_ADJ
50,2025-03-01,",",",",PUNCT,",",",_PUNCT"
50,2025-03-01,prosecuted,prosecute,VERB,VBN,prosecute_VERB
50,2025-03-01,for,for,ADP,IN,for_ADP
50,2025-03-01,crimes,crime,NOUN,NNS,crime_NOUN
50,2025-03-01,against,against,ADP,IN,against_ADP
50,2025-03-01,the,the,DET,DT,the_DET
50,2025-03-01,United,Unite,VERB,NNP,Unite_VERB
50,2025-03-01,States,State,PROPN,NNPS,State_PROPN
50,2025-03-01,of,of,ADP,IN,of_ADP
50,2025-03-01,America,America,PROPN,NNP,America_PROPN
50,2025-03-01,.,.,PUNCT,.,._PUNCT
50,2025-03-01,This,this,PRON,DT,this_PRON
50,2025-03-01,means,mean,VERB,VBZ,mean_VERB
50,2025-03-01,that,that,SCONJ,IN,that_SCONJ
50,2025-03-01,very,very,ADV,RB,very_ADV
50,2025-03-01,few,few,ADJ,JJ,few_ADJ
50,2025-03-01,people,person,NOUN,NNS,person_NOUN
50,2025-03-01,came,come,VERB,VBD,come_VERB
50,2025-03-01,‚Äì,-,PUNCT,:,-_PUNCT
50,2025-03-01,The,the,DET,DT,the_DET
50,2025-03-01,Invasion,Invasion,PROPN,NNP,Invasion_PROPN
50,2025-03-01,of,of,ADP,IN,of_ADP
50,2025-03-01,our,our,PRON,PRP$,our_PRON
50,2025-03-01,Country,Country,PROPN,NNP,Country_PROPN
50,2025-03-01,is,be,AUX,VBZ,be_AUX
50,2025-03-01,OVER,over,ADV,RB,over_ADV
50,2025-03-01,.,.,PUNCT,.,._PUNCT
50,2025-03-01,In,in,ADP,IN,in_ADP
50,2025-03-01,comparison,comparison,NOUN,NN,comparison_NOUN
50,2025-03-01,",",",",PUNCT,",",",_PUNCT"
50,2025-03-01,under,under,ADP,IN,under_ADP
50,2025-03-01,Joe,Joe,PROPN,NNP,Joe_PROPN
50,2025-03-01,Biden,Biden,PROPN,NNP,Biden_PROPN
50,2025-03-01,",",",",PUNCT,",",",_PUNCT"
50,2025-03-01,there,there,PRON,EX,there_PRON
50,2025-03-01,were,be,VERB,VBD,be_VERB
50,2025-03-01,"300,000",300000,NUM,CD,300000_NUM
50,2025-03-01,Illegals,Illegals,PROPN,NNPS,Illegals_PROPN
50,2025-03-01,crossing,cross,VERB,VBG,cross_VERB
50,2025-03-01,in,in,ADP,IN,in_ADP
50,2025-03-01,one,one,NUM,CD,one_NUM
50,2025-03-01,month,month,NOUN,NN,month_NOUN
50,2025-03-01,",",",",PUNCT,",",",_PUNCT"
50,2025-03-01,and,and,CCONJ,CC,and_CCONJ
50,2025-03-01,virtually,virtually,ADV,RB,virtually_ADV
50,2025-03-01,ALL,all,DET,DT,all_DET
50,2025-03-01,of,of,ADP,IN,of_ADP
50,2025-03-01,them,they,PRON,PRP,they_PRON
50,2025-03-01,were,be,AUX,VBD,be_AUX
50,2025-03-01,released,release,VERB,VBN,release_VERB
50,2025-03-01,into,into,ADP,IN,into_ADP
50,2025-03-01,our,our,PRON,PRP$,our_PRON
50,2025-03-01,Country,Country,PROPN,NNP,Country_PROPN
50,2025-03-01,.,.,PUNCT,.,._PUNCT
50,2025-03-01,Thanks,thanks,NOUN,NN,thanks_NOUN
50,2025-03-01,to,to,ADP,IN,to_ADP
50,2025-03-01,the,the,DET,DT,the_DET
50,2025-03-01,Trump,Trump,PROPN,NNP,Trump_PROPN
50,2025-03-01,Administration,Administration,PROPN,NNP,Administration_PROPN
50,2025-03-01,Policies,Policies,PROPN,NNPS,Policies_PROPN
50,2025-03-01,",",",",PUNCT,",",",_PUNCT"
50,2025-03-01,the,the,DET,DT,the_DET
50,2025-03-01,Border,Border,PROPN,NNP,Border_PROPN
50,2025-03-01,is,be,AUX,VBZ,be_AUX
50,2025-03-01,CLOSED,closed,ADJ,JJ,closed_ADJ
50,2025-03-01,to,to,ADP,IN,to_ADP
50,2025-03-01,all,all,DET,DT,all_DET
50,2025-03-01,Illegal,illegal,ADJ,JJ,illegal_ADJ
50,2025-03-01,Immigrants,immigrant,NOUN,NNS,immigrant_NOUN
50,2025-03-01,.,.,PUNCT,.,._PUNCT
50,2025-03-01,Anyone,anyone,PRON,NN,anyone_PRON
50,2025-03-01,who,who,PRON,WP,who_PRON
50,2025-03-01,tries,try,VERB,VBZ,try_VERB
50,2025-03-01,to,to,PART,TO,to_PART
50,2025-03-01,illegally,illegally,ADV,RB,illegally_ADV
50,2025-03-01,enter,enter,VERB,VB,enter_VERB
50,2025-03-01,the,the,DET,DT,the_DET
50,2025-03-01,U.S.A.,U.S.A.,PROPN,NNP,U.S.A._PROPN
50,2025-03-01,will,will,AUX,MD,will_AUX
50,2025-03-01,face,face,VERB,VB,face_VERB
50,2025-03-01,significant,significant,ADJ,JJ,significant_ADJ
50,2025-03-01,criminal,criminal,ADJ,JJ,criminal_ADJ
50,2025-03-01,penalties,penalty,NOUN,NNS,penalty_NOUN
50,2025-03-01,and,and,CCONJ,CC,and_CCONJ
50,2025-03-01,immediate,immediate,ADJ,JJ,immediate_ADJ
50,2025-03-01,deportation,deportation,NOUN,NN,deportation_NOUN
50,2025-03-01,.,.,PUNCT,.,._PUNCT
