post_id,word,lemma,pos,lemma_p,tag
1,Reminder,reminder,NOUN,reminder_NOUN,NN
1,:,:,PUNCT,:_PUNCT,:
1,The,the,DET,the_DET,DT
1,Miss,Miss,PROPN,Miss_PROPN,NNP
1,Universe,Universe,PROPN,Universe_PROPN,NNP
1,competition,competition,NOUN,competition_NOUN,NN
1,will,will,AUX,will_AUX,MD
1,be,be,AUX,be_AUX,VB
1,LIVE,live,VERB,live_VERB,VB
1,from,from,ADP,from_ADP,IN
1,the,the,DET,the_DET,DT
1,Bahamas,Bahamas,PROPN,Bahamas_PROPN,NNP
1,-,-,PUNCT,-_PUNCT,HYPH
1,Tonight,tonight,NOUN,tonight_NOUN,NN
1,@,@,ADP,@_ADP,IN
1,9,9,NUM,9_NUM,CD
1,pm,pm,NOUN,pm_NOUN,NN
1,(,(,PUNCT,(_PUNCT,-LRB-
1,EST,EST,PROPN,EST_PROPN,NNP
1,),),PUNCT,)_PUNCT,-RRB-
1,on,on,ADP,on_ADP,IN
1,NBC,NBC,PROPN,NBC_PROPN,NNP
1,:,:,PUNCT,:_PUNCT,:
1,http://tinyurl.com/mrzad9,http://tinyurl.com/mrzad9,PROPN,http://tinyurl.com/mrzad9_PROPN,NNP
2,@Timc1021,@timc1021,X,@timc1021_X,LS
2,Thanks,thank,NOUN,thank_NOUN,NNS
2,!,!,PUNCT,!_PUNCT,.
3,"""","""",PUNCT,"""_PUNCT",``
3,"""","""",PUNCT,"""_PUNCT",``
3,@_KatherineWebb,@_KatherineWebb,PROPN,@_KatherineWebb_PROPN,NNP
3,:,:,PUNCT,:_PUNCT,:
3,Looking,look,VERB,look_VERB,VBG
3,forward,forward,ADV,forward_ADV,RB
3,to,to,ADP,to_ADP,IN
3,#,#,SYM,#_SYM,$
3,MissUSA,missusa,NOUN,missusa_NOUN,NN
3,this,this,DET,this_DET,DT
3,weekend,weekend,NOUN,weekend_NOUN,NN
3,in,in,ADP,in_ADP,IN
3,Vegas,Vegas,PROPN,Vegas_PROPN,NNP
3,!,!,PUNCT,!_PUNCT,.
3,"""","""",PUNCT,"""_PUNCT",''
3,"""","""",PUNCT,"""_PUNCT",''
3, , ,SPACE, _SPACE,_SP
3,Great,great,ADJ,great_ADJ,JJ
3,to,to,PART,to_PART,TO
3,have,have,VERB,have_VERB,VB
3,our,our,PRON,our_PRON,PRP$
3,former,former,ADJ,former_ADJ,JJ
3,.,.,PUNCT,._PUNCT,.
3,Miss,Miss,PROPN,Miss_PROPN,NNP
3,Alabama,Alabama,PROPN,Alabama_PROPN,NNP
3,!,!,PUNCT,!_PUNCT,.
4,Addressing,address,VERB,address_VERB,VBG
4, , ,SPACE, _SPACE,_SP
4,the,the,DET,the_DET,DT
4,Rise,rise,NOUN,rise_NOUN,NN
4,of,of,ADP,of_ADP,IN
4,Chronic,Chronic,PROPN,Chronic_PROPN,NNP
4,Childhood,Childhood,PROPN,Childhood_PROPN,NNP
4,Illnesses,Illnesses,PROPN,Illnesses_PROPN,NNPS
4,.,.,PUNCT,._PUNCT,.
4,#,#,SYM,#_SYM,$
4,AGENDA47,AGENDA47,NOUN,AGENDA47_NOUN,NNS
5,RT,RT,PROPN,RT_PROPN,NNP
5,@darhar981,@darhar981,PROPN,@darhar981_PROPN,NNP
5,:,:,PUNCT,:_PUNCT,:
5,Attorney,Attorney,PROPN,Attorney_PROPN,NNP
5,General,General,PROPN,General_PROPN,NNP
5,Barr,Barr,PROPN,Barr_PROPN,NNP
5,‚Äôs,‚Äôs,PART,‚Äôs_PART,POS
5,Office,office,NOUN,office_NOUN,NN
5,Shreds,shred,VERB,shred_VERB,VBZ
5,NBC,NBC,PROPN,NBC_PROPN,NNP
5,‚Äôs,‚Äôs,PART,‚Äôs_PART,POS
5,Chuck,Chuck,PROPN,Chuck_PROPN,NNP
5,Todd,Todd,PROPN,Todd_PROPN,NNP
5,For,for,ADP,for_ADP,IN
5,‚Äò,',PUNCT,'_PUNCT,``
5,Deceptive,Deceptive,PROPN,Deceptive_PROPN,NNP
5,Editing,editing,NOUN,editing_NOUN,NN
5,‚Äô,',PUNCT,'_PUNCT,''
5,Of,of,ADP,of_ADP,IN
5,Barr,Barr,PROPN,Barr_PROPN,NNP
5,‚Äôs,‚Äôs,PART,‚Äôs_PART,POS
5,Comments,comment,NOUN,comment_NOUN,NNS
5,"
","
",SPACE,"
_SPACE",_SP
5,On,on,ADP,on_ADP,IN
5,‚Äú,"""",PUNCT,"""_PUNCT",``
5,Meet,Meet,PROPN,Meet_PROPN,NNP
5,The,The,PROPN,The_PROPN,NNP
5,Press,Press,PROPN,Press_PROPN,NNP
5,",",",",PUNCT,",_PUNCT",","
5,‚Äù,"""",PUNCT,"""_PUNCT",''
5,Todd,todd,ADJ,todd_ADJ,JJ
5,‚Ä¶,‚Ä¶,PUNCT,‚Ä¶_PUNCT,NFP
6,RT,RT,PROPN,RT_PROPN,NNP
6, , ,SPACE, _SPACE,_SP
6,@MagaGlam,@magaglam,SYM,@magaglam_SYM,SYM
6,üá∫,üá∫,X,üá∫_X,ADD
6,üá∏,üá∏,NOUN,üá∏_NOUN,NNS
6,‚ô•,‚ô•,PROPN,‚ô•_PROPN,NNP
6,Ô∏è,Ô∏è,X,Ô∏è_X,ADD
6,Bring,bring,VERB,bring_VERB,VB
6,Back,back,ADP,back_ADP,RP
6, , ,SPACE, _SPACE,_SP
6,Trump,Trump,PROPN,Trump_PROPN,NNP
6, , ,SPACE, _SPACE,_SP
6,üíô,üíô,PROPN,üíô_PROPN,NNP
6,üá∫,üá∫,NOUN,üá∫_NOUN,NNS
6,üá∏,üá∏,X,üá∏_X,ADD
8,The,the,DET,the_DET,DT
8,CBP,CBP,PROPN,CBP_PROPN,NNP
8,Home,Home,PROPN,Home_PROPN,NNP
8,App,App,PROPN,App_PROPN,NNP
8,is,be,AUX,be_AUX,VBZ
8,now,now,ADV,now_ADV,RB
8,available,available,ADJ,available_ADJ,JJ
8,across,across,ADP,across_ADP,IN
8,all,all,DET,all_DET,DT
8,mobile,mobile,ADJ,mobile_ADJ,JJ
8,App,App,PROPN,App_PROPN,NNP
8,Stores,store,NOUN,store_NOUN,NNS
8,!,!,PUNCT,!_PUNCT,.
9,Congratulations,congratulation,NOUN,congratulation_NOUN,NNS
9,to,to,ADP,to_ADP,IN
9,Mariano,Mariano,PROPN,Mariano_PROPN,NNP
9,Rivera,Rivera,PROPN,Rivera_PROPN,NNP
9,on,on,ADP,on_ADP,IN
9,unanimously,unanimously,ADV,unanimously_ADV,RB
9,being,be,AUX,be_AUX,VBG
9,elected,elect,VERB,elect_VERB,VBN
9,to,to,ADP,to_ADP,IN
9,the,the,DET,the_DET,DT
9,National,National,PROPN,National_PROPN,NNP
9,Baseball,Baseball,PROPN,Baseball_PROPN,NNP
9,Hall,Hall,PROPN,Hall_PROPN,NNP
9,of,of,ADP,of_ADP,IN
9,Fame,Fame,PROPN,Fame_PROPN,NNP
9,!,!,PUNCT,!_PUNCT,.
9,Not,not,PART,not_PART,RB
9,only,only,ADV,only_ADV,RB
9,a,a,DET,a_DET,DT
9,great,great,ADJ,great_ADJ,JJ
9,player,player,NOUN,player_NOUN,NN
9,but,but,CCONJ,but_CCONJ,CC
9,a,a,DET,a_DET,DT
9,great,great,ADJ,great_ADJ,JJ
9,person,person,NOUN,person_NOUN,NN
9,.,.,PUNCT,._PUNCT,.
9,I,I,PRON,I_PRON,PRP
9,am,be,AUX,be_AUX,VBP
9,thankful,thankful,ADJ,thankful_ADJ,JJ
9,for,for,ADP,for_ADP,IN
9,Mariano,Mariano,PROPN,Mariano_PROPN,NNP
9,‚Äôs,‚Äôs,PART,‚Äôs_PART,POS
9,support,support,NOUN,support_NOUN,NN
9,of,of,ADP,of_ADP,IN
9,the,the,DET,the_DET,DT
9,Opioid,Opioid,PROPN,Opioid_PROPN,NNP
9,Drug,Drug,PROPN,Drug_PROPN,NNP
9,Abuse,Abuse,PROPN,Abuse_PROPN,NNP
9,Commission,Commission,PROPN,Commission_PROPN,NNP
9,and,and,CCONJ,and_CCONJ,CC
9,@FitnessGov,@fitnessgov,NOUN,@fitnessgov_NOUN,NN
9,.,.,PUNCT,._PUNCT,.
9,#,#,SYM,#_SYM,$
9,EnterSandman,EnterSandman,PROPN,EnterSandman_PROPN,NNP
9,#,#,SYM,#_SYM,$
9,HOF2019,HOF2019,PROPN,HOF2019_PROPN,NNP
9,üíØ,üíØ,PROPN,üíØ_PROPN,NNP
9,https://t.co/reU1gKWHSQ,https://t.co/reU1gKWHSQ,PROPN,https://t.co/reU1gKWHSQ_PROPN,NNP
10,My,my,PRON,my_PRON,PRP$
10,recent,recent,ADJ,recent_ADJ,JJ
10,statement,statement,NOUN,statement_NOUN,NN
10,re,re,ADP,re_ADP,IN
10,:,:,PUNCT,:_PUNCT,:
10,@macys,@macys,PROPN,@macys_PROPN,NNP
10,--,--,PUNCT,--_PUNCT,:
10,We,we,PRON,we_PRON,PRP
10,must,must,AUX,must_AUX,MD
10,have,have,VERB,have_VERB,VB
10,strong,strong,ADJ,strong_ADJ,JJ
10,borders,border,NOUN,border_NOUN,NNS
10,&,&,CCONJ,&_CCONJ,CC
10,amp,amp,PROPN,amp_PROPN,NNP
10,",",",",PUNCT,",_PUNCT",","
10,stop,stop,VERB,stop_VERB,VB
10,illegal,illegal,ADJ,illegal_ADJ,JJ
10,immigration,immigration,NOUN,immigration_NOUN,NN
10,now,now,ADV,now_ADV,RB
10,!,!,PUNCT,!_PUNCT,.
10,...,...,PUNCT,..._PUNCT,NFP
10,https://t.co/HLCboRmTbl,https://t.co/hlcbormtbl,NOUN,https://t.co/hlcbormtbl_NOUN,NN
11,ICYMI-,ICYMI-,PROPN,ICYMI-_PROPN,NNP
11,This,this,DET,this_DET,DT
11,week,week,NOUN,week_NOUN,NN
11,we,we,PRON,we_PRON,PRP
11,hosted,host,VERB,host_VERB,VBD
11,a,a,DET,a_DET,DT
11,#,#,SYM,#_SYM,$
11,MadeInAmerica,MadeInAmerica,PROPN,MadeInAmerica_PROPN,NNP
11,event,event,NOUN,event_NOUN,NN
11,",",",",PUNCT,",_PUNCT",","
11,right,right,ADV,right_ADV,RB
11,here,here,ADV,here_ADV,RB
11,at,at,ADP,at_ADP,IN
11,the,the,DET,the_DET,DT
11,@WhiteHouse,@whitehouse,NOUN,@whitehouse_NOUN,NN
11,!,!,PUNCT,!_PUNCT,.
11,If,if,SCONJ,if_SCONJ,IN
11,it,it,PRON,it_PRON,PRP
11,is,be,AUX,be_AUX,VBZ
11,MADE,make,VERB,make_VERB,VBN
11,IN,in,ADP,in_ADP,IN
11,AMERICA,AMERICA,PROPN,AMERICA_PROPN,NNP
11,",",",",PUNCT,",_PUNCT",","
11,it,it,PRON,it_PRON,PRP
11,is,be,AUX,be_AUX,VBZ
11,the,the,DET,the_DET,DT
11,BEST,BEST,PROPN,BEST_PROPN,NNP
11,!,!,PUNCT,!_PUNCT,.
11,USA,USA,PROPN,USA_PROPN,NNP
11,üá∫,üá∫,X,üá∫_X,ADD
11,üá∏,üá∏,NOUN,üá∏_NOUN,NNS
11,https://t.co/q4vB9GdE5y,https://t.co/q4vb9gde5y,NOUN,https://t.co/q4vb9gde5y_NOUN,NN
12,https://www.mediaite.com/tv/trump-team-scored-big-win-with-potentially-explosive-ruling-on-special-master-to-review-docs-taken-by-the-fbi-argues-andrew-mccarthy/,https://www.mediaite.com/tv/trump-team-scored-big-win-with-potentially-explosive-ruling-on-special-master-to-review-docs-taken-by-the-fbi-argues-andrew-mccarthy/,VERB,https://www.mediaite.com/tv/trump-team-scored-big-win-with-potentially-explosive-ruling-on-special-master-to-review-docs-taken-by-the-fbi-argues-andrew-mccarthy/_VERB,VB
13,Thank,thank,VERB,thank_VERB,VBP
13,you,you,PRON,you_PRON,PRP
13,Governor,Governor,PROPN,Governor_PROPN,NNP
13,Phil,Phil,PROPN,Phil_PROPN,NNP
13,Bryant,Bryant,PROPN,Bryant_PROPN,NNP
13,-,-,PUNCT,-_PUNCT,:
13,it,it,PRON,it_PRON,PRP
13,was,be,AUX,be_AUX,VBD
13,my,my,PRON,my_PRON,PRP$
13,great,great,ADJ,great_ADJ,JJ
13,honor,honor,NOUN,honor_NOUN,NN
13,to,to,PART,to_PART,TO
13,be,be,AUX,be_AUX,VB
13,there,there,ADV,there_ADV,RB
13,!,!,PUNCT,!_PUNCT,.
13,#,#,SYM,#_SYM,$
13,MAGA,MAGA,PROPN,MAGA_PROPN,NNP
13,https://t.co/UbY7Qu2fMt,https://t.co/UbY7Qu2fMt,PROPN,https://t.co/UbY7Qu2fMt_PROPN,NNP
14,Thank,thank,VERB,thank_VERB,VBP
14,you,you,PRON,you_PRON,PRP
14,to,to,ADP,to_ADP,IN
14,Linda,Linda,PROPN,Linda_PROPN,NNP
14,Bean,Bean,PROPN,Bean_PROPN,NNP
14,of,of,ADP,of_ADP,IN
14,L.L.Bean,L.L.Bean,PROPN,L.L.Bean_PROPN,NNP
14,for,for,ADP,for_ADP,IN
14,your,your,PRON,your_PRON,PRP$
14,great,great,ADJ,great_ADJ,JJ
14,support,support,NOUN,support_NOUN,NN
14,and,and,CCONJ,and_CCONJ,CC
14,courage,courage,NOUN,courage_NOUN,NN
14,.,.,PUNCT,._PUNCT,.
14,People,People,NOUN,People_NOUN,NNS
14,will,will,AUX,will_AUX,MD
14,support,support,VERB,support_VERB,VB
14,you,you,PRON,you_PRON,PRP
14,even,even,ADV,even_ADV,RB
14,more,more,ADV,more_ADV,RBR
14,now,now,ADV,now_ADV,RB
14,.,.,PUNCT,._PUNCT,.
14,Buy,buy,VERB,buy_VERB,VB
14,L.L.Bean,L.L.Bean,PROPN,L.L.Bean_PROPN,NNP
14,.,.,PUNCT,._PUNCT,.
14,@LBPerfectMaine,@lbperfectmaine,ADJ,@lbperfectmaine_ADJ,JJ
15,"""","""",PUNCT,"""_PUNCT",``
15,"""","""",PUNCT,"""_PUNCT",``
15,@HarmonBrew,@harmonbrew,NOUN,@harmonbrew_NOUN,NN
15,:,:,PUNCT,:_PUNCT,:
15,@FoxNews,@foxnews,NOUN,@foxnews_NOUN,NN
15,@megynkelly,@megynkelly,ADV,@megynkelly_ADV,RB
15, , ,SPACE, _SPACE,_SP
15,DonaldTrump,DonaldTrump,PROPN,DonaldTrump_PROPN,NNP
15,#,#,SYM,#_SYM,$
15,KellyFile,KellyFile,PROPN,KellyFile_PROPN,NNP
15,Trump,Trump,PROPN,Trump_PROPN,NNP
15,is,be,AUX,be_AUX,VBZ
15,so,so,ADV,so_ADV,RB
15,right,right,ADJ,right_ADJ,JJ
15,about,about,ADP,about_ADP,IN
15,Geller,Geller,PROPN,Geller_PROPN,NNP
15,.,.,PUNCT,._PUNCT,.
15,Megyn,Megyn,NOUN,Megyn_NOUN,NNS
15,",",",",PUNCT,",_PUNCT",","
15,stop,stop,VERB,stop_VERB,VB
15,advocating,advocate,VERB,advocate_VERB,VBG
15,for,for,ADP,for_ADP,IN
15,her,she,PRON,she_PRON,PRP
15,",",",",PUNCT,",_PUNCT",","
15,its,its,PRON,its_PRON,PRP$
15,a,a,DET,a_DET,DT
15,loser,loser,NOUN,loser_NOUN,NN
15,.,.,PUNCT,._PUNCT,.
15,"""","""",PUNCT,"""_PUNCT",''
15,"""","""",PUNCT,"""_PUNCT",``
16,We,we,PRON,we_PRON,PRP
16,now,now,ADV,now_ADV,RB
16,have,have,VERB,have_VERB,VBP
16,complete,complete,ADJ,complete_ADJ,JJ
16,and,and,CCONJ,and_CCONJ,CC
16,total,total,ADJ,total_ADJ,JJ
16,control,control,NOUN,control_NOUN,NN
16,of,of,ADP,of_ADP,IN
16,the,the,DET,the_DET,DT
16,skies,sky,NOUN,sky_NOUN,NNS
16,over,over,ADP,over_ADP,IN
16,Iran,Iran,PROPN,Iran_PROPN,NNP
16,.,.,PUNCT,._PUNCT,.
16,Iran,Iran,PROPN,Iran_PROPN,NNP
16,had,have,VERB,have_VERB,VBD
16,good,good,ADJ,good_ADJ,JJ
16,sky,sky,NOUN,sky_NOUN,NN
16,trackers,tracker,NOUN,tracker_NOUN,NNS
16,and,and,CCONJ,and_CCONJ,CC
16,other,other,ADJ,other_ADJ,JJ
16,defensive,defensive,ADJ,defensive_ADJ,JJ
16,equipment,equipment,NOUN,equipment_NOUN,NN
16,",",",",PUNCT,",_PUNCT",","
16,and,and,CCONJ,and_CCONJ,CC
16,plenty,plenty,NOUN,plenty_NOUN,NN
16,of,of,ADP,of_ADP,IN
16,it,it,PRON,it_PRON,PRP
16,",",",",PUNCT,",_PUNCT",","
16,but,but,CCONJ,but_CCONJ,CC
16,it,it,PRON,it_PRON,PRP
16,does,do,AUX,do_AUX,VBZ
16,n‚Äôt,not,PART,not_PART,RB
16,compare,compare,VERB,compare_VERB,VB
16,to,to,ADP,to_ADP,IN
16,American,American,PROPN,American_PROPN,NNP
16,made,make,VERB,make_VERB,VBN
16,",",",",PUNCT,",_PUNCT",","
16,conceived,conceive,VERB,conceive_VERB,VBN
16,",",",",PUNCT,",_PUNCT",","
16,and,and,CCONJ,and_CCONJ,CC
16,manufactured,manufacture,VERB,manufacture_VERB,VBN
16,‚Äú,"""",PUNCT,"""_PUNCT",``
16,stuff,stuff,NOUN,stuff_NOUN,NN
16,.,.,PUNCT,._PUNCT,.
16,‚Äù,"""",PUNCT,"""_PUNCT",''
16,Nobody,nobody,PRON,nobody_PRON,NN
16,does,do,VERB,do_VERB,VBZ
16,it,it,PRON,it_PRON,PRP
16,better,well,ADJ,well_ADJ,JJR
16,than,than,ADP,than_ADP,IN
16,the,the,DET,the_DET,DT
16,good,good,ADJ,good_ADJ,JJ
16,ol‚Äô,ol‚Äô,ADJ,ol‚Äô_ADJ,JJ
16,USA,USA,PROPN,USA_PROPN,NNP
16,.,.,PUNCT,._PUNCT,.
17,https://www.thegatewaypundit.com/2025/07/her-biggest-scandal-yet-iran-china-are-circumventing/,https://www.thegatewaypundit.com/2025/07/her-biggest-scandal-yet-iran-china-are-circumventing/,PROPN,https://www.thegatewaypundit.com/2025/07/her-biggest-scandal-yet-iran-china-are-circumventing/_PROPN,NNP
18,https://www.foxnews.com/politics/hunter-biden-received-250k-wire-from-beijing-with-beneficiary-address-listed-as-joe-biden-delaware-home,https://www.foxnews.com/politics/hunter-biden-received-250k-wire-from-beijing-with-beneficiary-address-listed-as-joe-biden-delaware-home,PROPN,https://www.foxnews.com/politics/hunter-biden-received-250k-wire-from-beijing-with-beneficiary-address-listed-as-joe-biden-delaware-home_PROPN,NNP
19,Via,Via,PROPN,Via_PROPN,NNP
19,@BreitbartNews,@BreitbartNews,PROPN,@BreitbartNews_PROPN,NNP
19,by,by,ADP,by_ADP,IN
19,@TheTonyLee,@TheTonyLee,PROPN,@TheTonyLee_PROPN,NNP
19,:,:,PUNCT,:_PUNCT,:
19,"""","""",PUNCT,"""_PUNCT",``
19,"""","""",PUNCT,"""_PUNCT",``
19,@Citizens_United,@citizens_unite,VERB,@citizens_unite_VERB,VBN
19,sues,sue,NOUN,sue_NOUN,NNS
19,@AGSchneiderman,@AGSchneiderman,PROPN,@AGSchneiderman_PROPN,NNP
19,for,for,ADP,for_ADP,IN
19,violating,violate,VERB,violate_VERB,VBG
19,1st,1st,PROPN,1st_PROPN,NNP
19,Amendment,Amendment,PROPN,Amendment_PROPN,NNP
19,"""","""",PUNCT,"""_PUNCT",''
19,"""","""",PUNCT,"""_PUNCT",``
19,http://t.co/1YMvzIOnfI,http://t.co/1ymvzionfi,NOUN,http://t.co/1ymvzionfi_NOUN,NN
20,"""","""",PUNCT,"""_PUNCT",``
20,"""","""",PUNCT,"""_PUNCT",``
20,@LBabcock2,@lbabcock2,NOUN,@lbabcock2_NOUN,NN
20,:,:,PUNCT,:_PUNCT,:
20, , ,SPACE, _SPACE,_SP
20,@oreillyfactor,@oreillyfactor,PROPN,@oreillyfactor_PROPN,NNP
20,@FoxNews,@foxnew,NOUN,@foxnew_NOUN,NNS
20,I,I,PRON,I_PRON,PRP
20,have,have,AUX,have_AUX,VBP
20,always,always,ADV,always_ADV,RB
20,wondered,wonder,VERB,wonder_VERB,VBN
20,why,why,SCONJ,why_SCONJ,WRB
20,Fox,Fox,PROPN,Fox_PROPN,NNP
20,kept,keep,VERB,keep_VERB,VBD
20,Rove,Rove,PROPN,Rove_PROPN,NNP
20,on,on,ADP,on_ADP,RP
20,after,after,ADP,after_ADP,IN
20,his,his,PRON,his_PRON,PRP$
20,disastrous,disastrous,ADJ,disastrous_ADJ,JJ
20,election,election,NOUN,election_NOUN,NN
20,predictions,prediction,NOUN,prediction_NOUN,NNS
20,.,.,PUNCT,._PUNCT,.
20,"""","""",PUNCT,"""_PUNCT",''
20,"""","""",PUNCT,"""_PUNCT",``
20,He,he,PRON,he_PRON,PRP
20,is,be,AUX,be_AUX,VBZ
20,a,a,DET,a_DET,DT
20,joke,joke,NOUN,joke_NOUN,NN
20,!,!,PUNCT,!_PUNCT,.
21,Congratulations,congratulation,NOUN,congratulation_NOUN,NNS
21,to,to,ADP,to_ADP,IN
21,State,State,PROPN,State_PROPN,NNP
21,Representative,Representative,PROPN,Representative_PROPN,NNP
21,Karen,Karen,PROPN,Karen_PROPN,NNP
21,Whitsett,Whitsett,PROPN,Whitsett_PROPN,NNP
21,of,of,ADP,of_ADP,IN
21,Michigan,Michigan,PROPN,Michigan_PROPN,NNP
21,.,.,PUNCT,._PUNCT,.
21,So,so,ADV,so_ADV,RB
21,glad,glad,ADJ,glad_ADJ,JJ
21,you,you,PRON,you_PRON,PRP
21,are,be,AUX,be_AUX,VBP
21,getting,get,VERB,get_VERB,VBG
21,better,well,ADJ,well_ADJ,JJR
21,!,!,PUNCT,!_PUNCT,.
21,https://t.co/v6z46rUDtg,https://t.co/v6z46rudtg,X,https://t.co/v6z46rudtg_X,ADD
22,Congress,Congress,PROPN,Congress_PROPN,NNP
22,must,must,AUX,must_AUX,MD
22,approve,approve,VERB,approve_VERB,VB
22,the,the,DET,the_DET,DT
22,deal,deal,NOUN,deal_NOUN,NN
22,",",",",PUNCT,",_PUNCT",","
22,without,without,ADP,without_ADP,IN
22,all,all,PRON,all_PRON,DT
22,of,of,ADP,of_ADP,IN
22,the,the,DET,the_DET,DT
22,nonsense,nonsense,NOUN,nonsense_NOUN,NN
22,",",",",PUNCT,",_PUNCT",","
22,today,today,NOUN,today_NOUN,NN
22,.,.,PUNCT,._PUNCT,.
22,The,the,PRON,the_PRON,DT
22,longer,long,ADV,long_ADV,RBR
22,it,it,PRON,it_PRON,PRP
22,takes,take,VERB,take_VERB,VBZ
22,",",",",PUNCT,",_PUNCT",","
22,the,the,PRON,the_PRON,DT
22,harder,hard,ADJ,hard_ADJ,JJR
22,it,it,PRON,it_PRON,PRP
22,will,will,AUX,will_AUX,MD
22,be,be,AUX,be_AUX,VB
22,to,to,PART,to_PART,TO
22,start,start,VERB,start_VERB,VB
22,up,up,ADP,up_ADP,RP
22,our,our,PRON,our_PRON,PRP$
22,economy,economy,NOUN,economy_NOUN,NN
22,.,.,PUNCT,._PUNCT,.
22,Our,our,PRON,our_PRON,PRP$
22,workers,worker,NOUN,worker_NOUN,NNS
22,will,will,AUX,will_AUX,MD
22,be,be,AUX,be_AUX,VB
22,hurt,hurt,VERB,hurt_VERB,VBN
22,!,!,PUNCT,!_PUNCT,.
23,https://justthenews.com/politics-policy/all-things-trump/trump-serves-meals-border-troops-picks-texas-governors-endorsement,https://justthenews.com/politics-policy/all-things-trump/trump-serves-meals-border-troops-picks-texas-governors-endorsement,NOUN,https://justthenews.com/politics-policy/all-things-trump/trump-serves-meals-border-troops-picks-texas-governors-endorsement_NOUN,NN
24,RT,RT,PROPN,RT_PROPN,NNP
24,@FLOTUS,@FLOTUS,PROPN,@FLOTUS_PROPN,NNP
24,:,:,PUNCT,:_PUNCT,:
24,Wishing,wish,VERB,wish_VERB,VBG
24,you,you,PRON,you_PRON,PRP
24,all,all,DET,all_DET,PDT
24,a,a,PRON,a_PRON,DT
24,very,very,ADV,very_ADV,RB
24,#,#,SYM,#_SYM,$
24,MerryChristmas,MerryChristmas,PROPN,MerryChristmas_PROPN,NNP
24,!,!,PUNCT,!_PUNCT,.
24,May,may,AUX,may_AUX,MD
24,your,your,PRON,your_PRON,PRP$
24,day,day,NOUN,day_NOUN,NN
24,be,be,AUX,be_AUX,VB
24,filled,fill,VERB,fill_VERB,VBN
24,with,with,ADP,with_ADP,IN
24,peace,peace,NOUN,peace_NOUN,NN
24,",",",",PUNCT,",_PUNCT",","
24,love,love,NOUN,love_NOUN,NN
24,and,and,CCONJ,and_CCONJ,CC
24,happiness,happiness,NOUN,happiness_NOUN,NN
24,!,!,PUNCT,!_PUNCT,.
24,https://t.co/yE6Vejihfo,https://t.co/yE6Vejihfo,NOUN,https://t.co/yE6Vejihfo_NOUN,NNS
25,The,the,DET,the_DET,DT
25,United,United,PROPN,United_PROPN,NNP
25,States,States,PROPN,States_PROPN,NNP
25,of,of,ADP,of_ADP,IN
25,America,America,PROPN,America_PROPN,NNP
25,is,be,AUX,be_AUX,VBZ
25,going,go,VERB,go_VERB,VBG
25,to,to,PART,to_PART,TO
25,take,take,VERB,take_VERB,VB
25,back,back,ADV,back_ADV,RB
25,a,a,DET,a_DET,DT
25,lot,lot,NOUN,lot_NOUN,NN
25,of,of,ADP,of_ADP,IN
25,what,what,PRON,what_PRON,WP
25,was,be,AUX,be_AUX,VBD
25,stolen,steal,VERB,steal_VERB,VBN
25,from,from,ADP,from_ADP,IN
25,it,it,PRON,it_PRON,PRP
25,by,by,ADP,by_ADP,IN
25,other,other,ADJ,other_ADJ,JJ
25,countries,country,NOUN,country_NOUN,NNS
25,and,and,CCONJ,and_CCONJ,CC
25,",",",",PUNCT,",_PUNCT",","
25,frankly,frankly,ADV,frankly_ADV,RB
25,",",",",PUNCT,",_PUNCT",","
25,by,by,ADP,by_ADP,IN
25,incompetent,incompetent,ADJ,incompetent_ADJ,JJ
25,U.S.,U.S.,PROPN,U.S._PROPN,NNP
25,leadership,leadership,NOUN,leadership_NOUN,NN
25,.,.,PUNCT,._PUNCT,.
25,We,we,PRON,we_PRON,PRP
25,'re,be,AUX,be_AUX,VBP
25,going,go,VERB,go_VERB,VBG
25,to,to,PART,to_PART,TO
25,take,take,VERB,take_VERB,VB
25,back,back,ADV,back_ADV,RB
25,our,our,PRON,our_PRON,PRP$
25,wealth,wealth,NOUN,wealth_NOUN,NN
25,and,and,CCONJ,and_CCONJ,CC
25,we,we,PRON,we_PRON,PRP
25,'re,be,AUX,be_AUX,VBP
25,take,take,VERB,take_VERB,VBP
25,back,back,ADV,back_ADV,RB
25,a,a,DET,a_DET,DT
25,lot,lot,NOUN,lot_NOUN,NN
25,of,of,ADP,of_ADP,IN
25,the,the,DET,the_DET,DT
25,companies,company,NOUN,company_NOUN,NNS
25,that,that,PRON,that_PRON,WDT
25,left,leave,VERB,leave_VERB,VBD
25,‚Ä¶,‚Ä¶,PUNCT,‚Ä¶_PUNCT,NFP
27,RT,RT,PROPN,RT_PROPN,NNP
27, , ,SPACE, _SPACE,_SP
27,@mrddmiaIf,@mrddmiaIf,PROPN,@mrddmiaIf_PROPN,NNP
27,Trump,Trump,PROPN,Trump_PROPN,NNP
27,did,do,AUX,do_AUX,VBD
27,n't,not,PART,not_PART,RB
27, , ,SPACE, _SPACE,_SP
27,incite,incite,VERB,incite_VERB,VB
27,the,the,DET,the_DET,DT
27,January,January,PROPN,January_PROPN,NNP
27,6th,6th,NOUN,6th_NOUN,NN
27,riot,riot,NOUN,riot_NOUN,NN
27,",",",",PUNCT,",_PUNCT",","
27,what,what,PRON,what_PRON,WP
27,'s,be,AUX,be_AUX,VBZ
27,the,the,DET,the_DET,DT
27,actual,actual,ADJ,actual_ADJ,JJ
27,crime,crime,NOUN,crime_NOUN,NN
27,and,and,CCONJ,and_CCONJ,CC
27, , ,SPACE, _SPACE,_SP
27,conspiracy?Objecting,conspiracy?objecte,VERB,conspiracy?objecte_VERB,VBG
27,to,to,ADP,to_ADP,IN
27,the,the,DET,the_DET,DT
27,election,election,NOUN,election_NOUN,NN
27,--,--,PUNCT,--_PUNCT,:
27,and,and,CCONJ,and_CCONJ,CC
27,submitting,submit,VERB,submit_VERB,VBG
27,contingent,contingent,NOUN,contingent_NOUN,NN
27, , ,SPACE, _SPACE,_SP
27,electors?Allowed,electors?allowe,VERB,electors?allowe_VERB,VBN
27,by,by,ADP,by_ADP,IN
27,Electoral,Electoral,PROPN,Electoral_PROPN,NNP
27,Count,Count,PROPN,Count_PROPN,NNP
27,Act,Act,PROPN,Act_PROPN,NNP
27,of,of,ADP,of_ADP,IN
27,1887.Twisting,1887.twiste,VERB,1887.twiste_VERB,VBG
27, , ,SPACE, _SPACE,_SP
27,political,political,ADJ,political_ADJ,JJ
27,arms?Allowed,arms?allowe,VERB,arms?allowe_VERB,VBN
27,by,by,ADP,by_ADP,IN
27,First,First,PROPN,First_PROPN,NNP
27,Amendment,Amendment,PROPN,Amendment_PROPN,NNP
27,.,.,PUNCT,._PUNCT,.
27,Trump,Trump,PROPN,Trump_PROPN,NNP
27,'s,'s,PART,'s_PART,POS
27, , ,SPACE, _SPACE,_SP
27,"""","""",PUNCT,"""_PUNCT",``
27,"crime""?Winning","crime""?winne",VERB,"crime""?winne_VERB",VBG
27,in,in,ADP,in_ADP,IN
27, , ,SPACE, _SPACE,_SP
27,2016,2016,NUM,2016_NUM,CD
27,.,.,PUNCT,._PUNCT,.
28,JOBS,JOBS,PROPN,JOBS_PROPN,NNP
28,",",",",PUNCT,",_PUNCT",","
28,JOBS,JOBS,PROPN,JOBS_PROPN,NNP
28,",",",",PUNCT,",_PUNCT",","
28,JOBS,JOBS,PROPN,JOBS_PROPN,NNP
28,!,!,PUNCT,!_PUNCT,.
28,#,#,SYM,#_SYM,$
28,MAGA,MAGA,PROPN,MAGA_PROPN,NNP
28,https://t.co/ZqPjsPUX0,https://t.co/ZqPjsPUX0,PROPN,https://t.co/ZqPjsPUX0_PROPN,NNP
28,t,t,PROPN,t_PROPN,NNP
29,Facebook,Facebook,PROPN,Facebook_PROPN,NNP
29,was,be,AUX,be_AUX,VBD
29,always,always,ADV,always_ADV,RB
29,anti,anti,ADJ,anti_ADJ,JJ
29,-,-,ADJ,-_ADJ,JJ
29,Trump,trump,ADJ,trump_ADJ,JJ
29,.,.,PUNCT,._PUNCT,.
29,The,the,DET,the_DET,DT
29,Networks,Networks,PROPN,Networks_PROPN,NNPS
29,were,be,AUX,be_AUX,VBD
29,always,always,ADV,always_ADV,RB
29,anti,anti,ADJ,anti_ADJ,JJ
29,-,-,ADJ,-_ADJ,JJ
29,Trump,trump,ADJ,trump_ADJ,JJ
29,hence,hence,ADV,hence_ADV,RB
29,",",",",PUNCT,",_PUNCT",","
29,Fake,Fake,PROPN,Fake_PROPN,NNP
29,News,News,PROPN,News_PROPN,NNP
29,",",",",PUNCT,",_PUNCT",","
29,@nytimes(apologized,@nytimes(apologize,VERB,@nytimes(apologize_VERB,VBN
29,),),PUNCT,)_PUNCT,-RRB-
29,&,&,CCONJ,&_CCONJ,CC
29,amp,amp,PROPN,amp_PROPN,NNP
29,",",",",PUNCT,",_PUNCT",","
29,@WaPo,@WaPo,PROPN,@WaPo_PROPN,NNP
29,were,be,AUX,be_AUX,VBD
29,anti,anti,ADJ,anti_ADJ,JJ
29,-,-,ADJ,-_ADJ,JJ
29,Trump,trump,ADJ,trump_ADJ,JJ
29,.,.,PUNCT,._PUNCT,.
29,Collusion,collusion,NOUN,collusion_NOUN,NN
29,?,?,PUNCT,?_PUNCT,.
30,"""","""",PUNCT,"""_PUNCT",``
30,"""","""",PUNCT,"""_PUNCT",``
30,@NPHerron,@NPHerron,PROPN,@NPHerron_PROPN,NNP
30,:,:,PUNCT,:_PUNCT,:
30,@realDonaldTrump,@realdonaldtrump,VERB,@realdonaldtrump_VERB,VB
30,For,for,ADP,for_ADP,IN
30,president,president,NOUN,president_NOUN,NN
30,#,#,SYM,#_SYM,$
30,2016election,2016election,NOUN,2016election_NOUN,NN
30,"""","""",PUNCT,"""_PUNCT",''
30,"""","""",PUNCT,"""_PUNCT",''
31,The,the,DET,the_DET,DT
31,Zimmerman,Zimmerman,PROPN,Zimmerman_PROPN,NNP
31,trial,trial,NOUN,trial_NOUN,NN
31,is,be,AUX,be_AUX,VBZ
31,over,over,ADV,over_ADV,RB
31,.,.,PUNCT,._PUNCT,.
31, , ,SPACE, _SPACE,_SP
31,It,it,PRON,it_PRON,PRP
31,is,be,AUX,be_AUX,VBZ
31,time,time,NOUN,time_NOUN,NN
31,to,to,PART,to_PART,TO
31,move,move,VERB,move_VERB,VB
31,on,on,ADV,on_ADV,RB
31,.,.,PUNCT,._PUNCT,.
31, , ,SPACE, _SPACE,_SP
31,While,while,SCONJ,while_SCONJ,IN
31,Zimmerman,Zimmerman,PROPN,Zimmerman_PROPN,NNP
31,is,be,AUX,be_AUX,VBZ
31,no,no,DET,no_DET,DT
31,angel,angel,NOUN,angel_NOUN,NN
31,",",",",PUNCT,",_PUNCT",","
31,he,he,PRON,he_PRON,PRP
31,was,be,AUX,be_AUX,VBD
31,acquitted,acquit,VERB,acquit_VERB,VBN
31,and,and,CCONJ,and_CCONJ,CC
31,should,should,AUX,should_AUX,MD
31,be,be,AUX,be_AUX,VB
31,able,able,ADJ,able_ADJ,JJ
31,to,to,PART,to_PART,TO
31,move,move,VERB,move_VERB,VB
31,on,on,ADV,on_ADV,RB
31,.,.,PUNCT,._PUNCT,.
32,RT,RT,PROPN,RT_PROPN,NNP
32,@dbongino,@dbongino,PROPN,@dbongino_PROPN,NNP
32,:,:,PUNCT,:_PUNCT,:
32,The,the,DET,the_DET,DT
32,Polls,Polls,PROPN,Polls_PROPN,NNPS
32,Were,be,AUX,be_AUX,VBD
32,More,more,ADV,more_ADV,RBR
32,Wrong,wrong,ADJ,wrong_ADJ,JJ
32,in,in,ADP,in_ADP,IN
32,2020,2020,NUM,2020_NUM,CD
32,Than,than,ADP,than_ADP,IN
32,in,in,ADP,in_ADP,IN
32,2016,2016,NUM,2016_NUM,CD
32,üëá,üëá,NOUN,üëá_NOUN,NN
32,üëá,üëá,PROPN,üëá_PROPN,NNP
32,"
","
",SPACE,"
_SPACE",_SP
32,https://t.co/LpepzKdlp1,https://t.co/lpepzkdlp1,NOUN,https://t.co/lpepzkdlp1_NOUN,NN
33,RT,RT,PROPN,RT_PROPN,NNP
33, , ,SPACE, _SPACE,_SP
33,@IStandWithTrump47November,@IStandWithTrump47November,PROPN,@IStandWithTrump47November_PROPN,NNP
33,5th,5th,NOUN,5th_NOUN,NN
33,ca,can,AUX,can_AUX,MD
33,n‚Äôt,not,PART,not_PART,RB
33, , ,SPACE, _SPACE,_SP
33,come,come,VERB,come_VERB,VB
33,fast,fast,ADV,fast_ADV,RB
33,enough,enough,ADV,enough_ADV,RB
33,!,!,PUNCT,!_PUNCT,.
33,üôè,üôè,X,üôè_X,ADD
33,üá∫,üá∫,X,üá∫_X,ADD
33,üá∏,üá∏,X,üá∏_X,ADD
33,‚ù§,‚ù§,X,‚ù§_X,ADD
33,Ô∏è,Ô∏è,X,Ô∏è_X,ADD
33,#,#,SYM,#_SYM,$
33,Trump2024,trump2024,NOUN,trump2024_NOUN,NN
33,#,#,SYM,#_SYM,$
33,Maga4TheFelon,maga4thefelon,NOUN,maga4thefelon_NOUN,NN
33,#,#,SYM,#_SYM,$
33,TooBigToRig,toobigtorig,NOUN,toobigtorig_NOUN,NN
34,"""","""",PUNCT,"""_PUNCT",``
34,"""","""",PUNCT,"""_PUNCT",``
34,@JDrago28,@jdrago28,NOUN,@jdrago28_NOUN,NN
34,:,:,PUNCT,:_PUNCT,:
34,It,it,PRON,it_PRON,PRP
34,was,be,AUX,be_AUX,VBD
34,such,such,DET,such_DET,PDT
34,an,an,DET,an_DET,DT
34,honor,honor,NOUN,honor_NOUN,NN
34,to,to,PART,to_PART,TO
34,meet,meet,VERB,meet_VERB,VB
34,@realDonaldTrump,@realdonaldtrump,NOUN,@realdonaldtrump_NOUN,NN
34,today,today,NOUN,today_NOUN,NN
34,in,in,ADP,in_ADP,IN
34,New,New,PROPN,New_PROPN,NNP
34,Hampshire,Hampshire,PROPN,Hampshire_PROPN,NNP
34,!,!,PUNCT,!_PUNCT,.
34,What,what,DET,what_DET,WDT
34,a,a,DET,a_DET,DT
34,great,great,ADJ,great_ADJ,JJ
34,man,man,NOUN,man_NOUN,NN
34,!,!,PUNCT,!_PUNCT,.
34,#,#,SYM,#_SYM,$
34,NH,nh,NOUN,nh_NOUN,NN
34,#,#,SYM,#_SYM,$
34,business,business,NOUN,business_NOUN,NN
34,http://t.co/VWxnWsTmBH,http://t.co/VWxnWsTmBH,NOUN,http://t.co/VWxnWsTmBH_NOUN,NNS
34,"""","""",PUNCT,"""_PUNCT",''
34,"""","""",PUNCT,"""_PUNCT",''
35,Why,why,SCONJ,why_SCONJ,WRB
35,did,do,AUX,do_AUX,VBD
35,n‚Äôt,n‚Äôt,NUM,n‚Äôt_NUM,CD
35,Robert,Robert,PROPN,Robert_PROPN,NNP
35,Mueller,Mueller,PROPN,Mueller_PROPN,NNP
35,&,&,CCONJ,&_CCONJ,CC
35,amp,amp,PROPN,amp_PROPN,NNP
35,",",",",PUNCT,",_PUNCT",","
35,his,his,PRON,his_PRON,PRP$
35,band,band,NOUN,band_NOUN,NN
35,of,of,ADP,of_ADP,IN
35,18,18,NUM,18_NUM,CD
35,Angry,angry,ADJ,angry_ADJ,JJ
35,Democrats,Democrats,PROPN,Democrats_PROPN,NNPS
35,spend,spend,VERB,spend_VERB,VBP
35,any,any,DET,any_DET,DT
35,time,time,NOUN,time_NOUN,NN
35,investigating,investigate,VERB,investigate_VERB,VBG
35,Crooked,Crooked,PROPN,Crooked_PROPN,NNP
35,Hillary,Hillary,PROPN,Hillary_PROPN,NNP
35,Clinton,Clinton,PROPN,Clinton_PROPN,NNP
35,",",",",PUNCT,",_PUNCT",","
35,Lyin,Lyin,PROPN,Lyin_PROPN,NNP
35,‚Äô,',PUNCT,'_PUNCT,''
35,&,&,CCONJ,&_CCONJ,CC
35,amp,amp,PROPN,amp_PROPN,NNP
35,",",",",PUNCT,",_PUNCT",","
35,Leakin,Leakin,PROPN,Leakin_PROPN,NNP
35,‚Äô,',PUNCT,'_PUNCT,''
35,James,James,PROPN,James_PROPN,NNP
35,Comey,Comey,PROPN,Comey_PROPN,NNP
35,",",",",PUNCT,",_PUNCT",","
35,Lisa,Lisa,PROPN,Lisa_PROPN,NNP
35,Page,Page,PROPN,Page_PROPN,NNP
35,and,and,CCONJ,and_CCONJ,CC
35,her,her,PRON,her_PRON,PRP$
35,Psycho,Psycho,PROPN,Psycho_PROPN,NNP
35,lover,lover,PROPN,lover_PROPN,NNP
35,",",",",PUNCT,",_PUNCT",","
35,Peter,Peter,PROPN,Peter_PROPN,NNP
35,S,S,PROPN,S_PROPN,NNP
35,",",",",PUNCT,",_PUNCT",","
35,Andy,Andy,PROPN,Andy_PROPN,NNP
35,McCabe,McCabe,PROPN,McCabe_PROPN,NNP
35,",",",",PUNCT,",_PUNCT",","
35,the,the,DET,the_DET,DT
35,beautiful,beautiful,ADJ,beautiful_ADJ,JJ
35,Ohr,Ohr,PROPN,Ohr_PROPN,NNP
35,family,family,NOUN,family_NOUN,NN
35,",",",",PUNCT,",_PUNCT",","
35,Fusion,fusion,NOUN,fusion_NOUN,NN
35,GPS,GPS,PROPN,GPS_PROPN,NNP
35,",",",",PUNCT,",_PUNCT",","
35,and,and,CCONJ,and_CCONJ,CC
35,many,many,ADJ,many_ADJ,JJ
35,more,more,ADJ,more_ADJ,JJR
35,",",",",PUNCT,",_PUNCT",","
35, , ,SPACE, _SPACE,_SP
35,including,include,VERB,include_VERB,VBG
35,HIMSELF,himself,PRON,himself_PRON,PRP
35,&,&,CCONJ,&_CCONJ,CC
35,amp,amp,PROPN,amp_PROPN,NNP
35,",",",",PUNCT,",_PUNCT",","
35,Andrew,Andrew,PROPN,Andrew_PROPN,NNP
35,W,W,PROPN,W_PROPN,NNP
35,?,?,PUNCT,?_PUNCT,.
36,Today,today,NOUN,today_NOUN,NN
36,",",",",PUNCT,",_PUNCT",","
36,@FLOTUS,@FLOTUS,PROPN,@FLOTUS_PROPN,NNP
36,celebrates,celebrate,VERB,celebrate_VERB,VBZ
36,the,the,DET,the_DET,DT
36,two,two,NUM,two_NUM,CD
36,year,year,NOUN,year_NOUN,NN
36,anniversary,anniversary,NOUN,anniversary_NOUN,NN
36,of,of,ADP,of_ADP,IN
36,#,#,SYM,#_SYM,$
36,BeBest,BeBest,PROPN,BeBest_PROPN,NNP
36,",",",",PUNCT,",_PUNCT",","
36,her,her,PRON,her_PRON,PRP$
36,initiative,initiative,NOUN,initiative_NOUN,NN
36,dedicated,dedicate,VERB,dedicate_VERB,VBN
36,to,to,ADP,to_ADP,IN
36,bringing,bring,VERB,bring_VERB,VBG
36,awareness,awareness,NOUN,awareness_NOUN,NN
36,to,to,ADP,to_ADP,IN
36,issues,issue,NOUN,issue_NOUN,NNS
36,that,that,PRON,that_PRON,WDT
36,impact,impact,VERB,impact_VERB,VBP
36,the,the,DET,the_DET,DT
36,lives,life,NOUN,life_NOUN,NNS
36,of,of,ADP,of_ADP,IN
36,children,child,NOUN,child_NOUN,NNS
36,.,.,PUNCT,._PUNCT,.
36,Congratulations,congratulation,NOUN,congratulation_NOUN,NNS
36,",",",",PUNCT,",_PUNCT",","
36,and,and,CCONJ,and_CCONJ,CC
36,thank,thank,VERB,thank_VERB,VBP
36,you,you,PRON,you_PRON,PRP
36,!,!,PUNCT,!_PUNCT,.
36,https://t.co/3jM5GfSvfg,https://t.co/3jM5GfSvfg,PROPN,https://t.co/3jM5GfSvfg_PROPN,NNP
36,https://t.co/dvh1MnzcFK,https://t.co/dvh1MnzcFK,PROPN,https://t.co/dvh1MnzcFK_PROPN,NNP
37,Thank,thank,VERB,thank_VERB,VBP
37,you,you,PRON,you_PRON,PRP
37,to,to,ADP,to_ADP,IN
37,the,the,DET,the_DET,DT
37,BRAVE,BRAVE,PROPN,BRAVE_PROPN,NNP
37,servicemen,servicemen,PROPN,servicemen_PROPN,NNP
37,&,&,CCONJ,&_CCONJ,CC
37,amp,amp,PROPN,amp_PROPN,NNP
37,",",",",PUNCT,",_PUNCT",","
37,women,woman,NOUN,woman_NOUN,NNS
37,who,who,PRON,who_PRON,WP
37,have,have,AUX,have_AUX,VBP
37,served,serve,VERB,serve_VERB,VBN
37,",",",",PUNCT,",_PUNCT",","
37,and,and,CCONJ,and_CCONJ,CC
37,continue,continue,VERB,continue_VERB,VB
37,to,to,PART,to_PART,TO
37,serve,serve,VERB,serve_VERB,VB
37,the,the,DET,the_DET,DT
37,United,United,PROPN,United_PROPN,NNP
37,States-,States-,PROPN,States-_PROPN,NNP
37,our,our,PRON,our_PRON,PRP$
37,true,true,ADJ,true_ADJ,JJ
37,HEROES,hero,NOUN,hero_NOUN,NNS
37,...,...,PUNCT,..._PUNCT,:
37,https://t.co/ZTV9F639xM,https://t.co/ZTV9F639xM,NOUN,https://t.co/ZTV9F639xM_NOUN,NNS
38,THANK,thank,AUX,thank_AUX,VBP
38,YOU,you,PRON,you_PRON,PRP
38,PENNSYLVANIA,PENNSYLVANIA,NOUN,PENNSYLVANIA_NOUN,NNS
38,!,!,PUNCT,!_PUNCT,.
38,#,#,SYM,#_SYM,$
38,MAGA,MAGA,PROPN,MAGA_PROPN,NNP
38,https://t.co/5BfdRyDD6a,https://t.co/5bfdrydd6a,SYM,https://t.co/5bfdrydd6a_SYM,$
39,THOSE,those,PRON,those_PRON,DT
39,THAT,that,ADV,that_ADV,RB
39,DENY,deny,VERB,deny_VERB,VBP
39,THEIR,their,PRON,their_PRON,PRP$
39,HISTORY,history,NOUN,history_NOUN,NN
39,ARE,be,AUX,be_AUX,VBP
39,DOOMED,doomed,ADJ,doomed_ADJ,JJ
39,TO,to,PART,to_PART,TO
39,REPEAT,repeat,VERB,repeat_VERB,VB
39,IT,it,PRON,it_PRON,PRP
39,!,!,PUNCT,!_PUNCT,.
40,https://www.washingtonexaminer.com/news/campaigns/presidential/3143416/trump-playing-offense-democrats-on-defense-whatley/,https://www.washingtonexaminer.com/news/campaigns/presidential/3143416/trump-playing-offense-democrats-on-defense-whatley/,PROPN,https://www.washingtonexaminer.com/news/campaigns/presidential/3143416/trump-playing-offense-democrats-on-defense-whatley/_PROPN,NNP
41,RT,RT,PROPN,RT_PROPN,NNP
41,@IvankaTrump,@ivankatrump,NOUN,@ivankatrump_NOUN,NN
41,:,:,PUNCT,:_PUNCT,:
41,It,it,PRON,it_PRON,PRP
41,is,be,AUX,be_AUX,VBZ
41,an,an,DET,an_DET,DT
41,honor,honor,NOUN,honor_NOUN,NN
41,to,to,PART,to_PART,TO
41,serve,serve,VERB,serve_VERB,VB
41,our,our,PRON,our_PRON,PRP$
41,great,great,ADJ,great_ADJ,JJ
41,Country,country,NOUN,country_NOUN,NN
41,and,and,CCONJ,and_CCONJ,CC
41,fight,fight,VERB,fight_VERB,VB
41,for,for,ADP,for_ADP,IN
41,America,America,PROPN,America_PROPN,NNP
41,‚Äôs,‚Äôs,PART,‚Äôs_PART,POS
41,workers,worker,NOUN,worker_NOUN,NNS
41,!,!,PUNCT,!_PUNCT,.
41,üá∫,üá∫,X,üá∫_X,ADD
41,üá∏,üá∏,PUNCT,üá∏_PUNCT,:
41,https://t.co/ZAhfkqDII8,https://t.co/zahfkqdii8,NUM,https://t.co/zahfkqdii8_NUM,CD
42,Situated,situate,VERB,situate_VERB,VBN
42,in,in,ADP,in_ADP,IN
42,the,the,DET,the_DET,DT
42,heart,heart,NOUN,heart_NOUN,NN
42,of,of,ADP,of_ADP,IN
42,downtown,downtown,NOUN,downtown_NOUN,NN
42,Toronto,Toronto,PROPN,Toronto_PROPN,NNP
42,",",",",PUNCT,",_PUNCT",","
42,the,the,DET,the_DET,DT
42,65,65,NUM,65_NUM,CD
42,story,story,NOUN,story_NOUN,NN
42,@TrumpTO,@trumpto,NOUN,@trumpto_NOUN,NN
42,offers,offer,VERB,offer_VERB,VBZ
42,an,an,DET,an_DET,DT
42,elegant,elegant,ADJ,elegant_ADJ,JJ
42,and,and,CCONJ,and_CCONJ,CC
42,wonderful,wonderful,ADJ,wonderful_ADJ,JJ
42,lifestyle,lifestyle,NOUN,lifestyle_NOUN,NN
42,http://t.co/1u2PNTPMCZ,http://t.co/1u2PNTPMCZ,PUNCT,http://t.co/1u2PNTPMCZ_PUNCT,.
43,RT,RT,PROPN,RT_PROPN,NNP
43, , ,SPACE, _SPACE,_SP
43,@realDonaldTrumpUsing,@realdonaldtrumpuse,VERB,@realdonaldtrumpuse_VERB,VBG
43,Impoundment,Impoundment,PROPN,Impoundment_PROPN,NNP
43,to,to,ADP,to_ADP,IN
43, , ,SPACE, _SPACE,_SP
43,Slash,Slash,PROPN,Slash_PROPN,NNP
43,Waste,Waste,PROPN,Waste_PROPN,NNP
43,",",",",PUNCT,",_PUNCT",","
43,Stop,stop,VERB,stop_VERB,VB
43,Inflation,inflation,NOUN,inflation_NOUN,NN
43,",",",",PUNCT,",_PUNCT",","
43,and,and,CCONJ,and_CCONJ,CC
43,Crush,crush,VERB,crush_VERB,VB
43,the,the,DET,the_DET,DT
43,Deep,Deep,PROPN,Deep_PROPN,NNP
43,State,State,PROPN,State_PROPN,NNP
43,!,!,PUNCT,!_PUNCT,.
43,#,#,SYM,#_SYM,$
43,AGENDA47,AGENDA47,NOUN,AGENDA47_NOUN,NNS
44,RT,RT,PROPN,RT_PROPN,NNP
44, , ,SPACE, _SPACE,_SP
44,@gatewaypunditANOTHER,@gatewaypunditanother,ADP,@gatewaypunditanother_ADP,IN
44, , ,SPACE, _SPACE,_SP
44,BOGUS,BOGUS,PROPN,BOGUS_PROPN,NNP
44,ATTACK,ATTACK,PROPN,ATTACK_PROPN,NNP
44,:,:,PUNCT,:_PUNCT,:
44,DC,DC,PROPN,DC_PROPN,NNP
44,Court,Court,PROPN,Court_PROPN,NNP
44,Already,already,ADV,already_ADV,RB
44,Ruled,rule,VERB,rule_VERB,VBD
44,in,in,ADP,in_ADP,IN
44,2012,2012,NUM,2012_NUM,CD
44,Case,case,NOUN,case_NOUN,NN
44,on,on,ADP,on_ADP,IN
44,Trump,Trump,PROPN,Trump_PROPN,NNP
44,‚Äôs,‚Äôs,PUNCT,‚Äôs_PUNCT,''
44,Right,right,NOUN,right_NOUN,NN
44,to,to,PART,to_PART,TO
44,Hold,hold,VERB,hold_VERB,VB
44, , ,SPACE, _SPACE,_SP
44,White,White,PROPN,White_PROPN,NNP
44,House,House,PROPN,House_PROPN,NNP
44,Documents,Documents,PROPN,Documents_PROPN,NNPS
44,‚Äì,‚Äì,PUNCT,‚Äì_PUNCT,:
44,In,in,ADP,in_ADP,IN
44,their,their,PRON,their_PRON,PRP$
44,Ruling,ruling,NOUN,ruling_NOUN,NN
44,on,on,ADP,on_ADP,IN
44,Bill,Bill,PROPN,Bill_PROPN,NNP
44,Clinton,Clinton,PROPN,Clinton_PROPN,NNP
44,‚Äôs,‚Äôs,PART,‚Äôs_PART,POS
44,Right,right,NOUN,right_NOUN,NN
44,to,to,PART,to_PART,TO
44,Hold,hold,VERB,hold_VERB,VB
44, , ,SPACE, _SPACE,_SP
44,Secret,Secret,PROPN,Secret_PROPN,NNP
44,Tapes,Tapes,PROPN,Tapes_PROPN,NNPS
44,in,in,ADP,in_ADP,IN
44,His,his,PRON,his_PRON,PRP$
44,Sock,Sock,PROPN,Sock_PROPN,NNP
44,Drawer,Drawer,PROPN,Drawer_PROPN,NNP
44,https://www.thegatewaypundit.com/2023/06/another-bogus-attack-dc-court-already-ruled-2012/?utm_source=rss&amp;utm_medium=rss&amp;utm_campaign=another-bogus-attack-dc-court-already-ruled-2012Follow,https://www.thegatewaypundit.com/2023/06/another-bogus-attack-dc-court-already-ruled-2012/?utm_source=rss&amp;utm_medium=rss&amp;utm_campaign=another-bogus-attack-dc-court-already-ruled-2012follow,VERB,https://www.thegatewaypundit.com/2023/06/another-bogus-attack-dc-court-already-ruled-2012/?utm_source=rss&amp;utm_medium=rss&amp;utm_campaign=another-bogus-attack-dc-court-already-ruled-2012follow_VERB,VBP
44, , ,SPACE, _SPACE,_SP
44,@gatewaypunditofficial,@gatewaypunditofficial,NOUN,@gatewaypunditofficial_NOUN,NNS
45,Thank,thank,VERB,thank_VERB,VBP
45,you,you,PRON,you_PRON,PRP
45,Philip,Philip,PROPN,Philip_PROPN,NNP
45,!,!,PUNCT,!_PUNCT,.
45,https://t.co/jGspqbtSgL,https://t.co/jgspqbtsgl,NOUN,https://t.co/jgspqbtsgl_NOUN,NN
46,With,with,ADP,with_ADP,IN
46,@VanityFair,@vanityfair,NOUN,@vanityfair_NOUN,NN
46,circulation,circulation,NOUN,circulation_NOUN,NN
46,and,and,CCONJ,and_CCONJ,CC
46,advertising,advertising,NOUN,advertising_NOUN,NN
46,revenue,revenue,NOUN,revenue_NOUN,NN
46,doing,do,VERB,do_VERB,VBG
46,so,so,ADV,so_ADV,RB
46,badly,badly,ADV,badly_ADV,RB
46,",",",",PUNCT,",_PUNCT",","
46,rumor,rumor,NOUN,rumor_NOUN,NN
46,has,have,VERB,have_VERB,VBZ
46,it,it,PRON,it_PRON,PRP
46,that,that,ADV,that_ADV,RB
46,dopey,dopey,ADJ,dopey_ADJ,JJ
46,Graydon,Graydon,PROPN,Graydon_PROPN,NNP
46,Carter,Carter,PROPN,Carter_PROPN,NNP
46,is,be,AUX,be_AUX,VBZ
46,going,go,VERB,go_VERB,VBG
46,to,to,PART,to_PART,TO
46,resign,resign,VERB,resign_VERB,VB
46,?,?,PUNCT,?_PUNCT,.
46,He,he,PRON,he_PRON,PRP
46,should,should,AUX,should_AUX,MD
46,.,.,PUNCT,._PUNCT,.
47,Thanks,thank,NOUN,thank_NOUN,NNS
47,@LilJon,@LilJon,PUNCT,@LilJon_PUNCT,NFP
47,for,for,ADP,for_ADP,IN
47,coming,come,VERB,come_VERB,VBG
47,to,to,ADP,to_ADP,IN
47,my,my,PRON,my_PRON,PRP$
47,defense,defense,NOUN,defense_NOUN,NN
47,in,in,ADP,in_ADP,IN
47,Rolling,Rolling,PROPN,Rolling_PROPN,NNP
47,Stone,Stone,PROPN,Stone_PROPN,NNP
47,Magazine,Magazine,PROPN,Magazine_PROPN,NNP
47,.,.,PUNCT,._PUNCT,.
47,As,as,SCONJ,as_SCONJ,IN
47,I,I,PRON,I_PRON,PRP
47,have,have,AUX,have_AUX,VBP
47,often,often,ADV,often_ADV,RB
47,said,say,VERB,say_VERB,VBN
47,",",",",PUNCT,",_PUNCT",","
47,you,you,PRON,you_PRON,PRP
47,are,be,AUX,be_AUX,VBP
47,a,a,DET,a_DET,DT
47,terrific,terrific,ADJ,terrific_ADJ,JJ
47,guy,guy,NOUN,guy_NOUN,NN
47,!,!,PUNCT,!_PUNCT,.
48,RT,RT,PROPN,RT_PROPN,NNP
48,@ScottAdamsSays,@ScottAdamsSays,PROPN,@ScottAdamsSays_PROPN,NNPS
48,:,:,PUNCT,:_PUNCT,:
48,Poll,Poll,PROPN,Poll_PROPN,NNP
48,for,for,ADP,for_ADP,IN
48,Democrats,Democrats,PROPN,Democrats_PROPN,NNPS
48,only,only,ADV,only_ADV,RB
48,.,.,PUNCT,._PUNCT,.
48,Are,be,AUX,be_AUX,VBP
48,you,you,PRON,you_PRON,PRP
48,aware,aware,ADJ,aware_ADJ,JJ
48,that,that,SCONJ,that_SCONJ,IN
48,most,most,ADJ,most_ADJ,JJS
48,of,of,ADP,of_ADP,IN
48,the,the,DET,the_DET,DT
48,political,political,ADJ,political_ADJ,JJ
48,news,news,NOUN,news_NOUN,NN
48,you,you,PRON,you_PRON,PRP
48,consume,consume,VERB,consume_VERB,VBP
48,is,be,AUX,be_AUX,VBZ
48,either,either,CCONJ,either_CCONJ,CC
48,misleading,misleading,ADJ,misleading_ADJ,JJ
48,and,and,CCONJ,and_CCONJ,CC
48,out,out,ADP,out_ADP,IN
48,of,of,ADP,of_ADP,IN
48,cont,cont,NOUN,cont_NOUN,NN
48,‚Ä¶,‚Ä¶,PUNCT,‚Ä¶_PUNCT,.
49,I,I,PRON,I_PRON,PRP
49,love,love,VERB,love_VERB,VBP
49,seeing,see,VERB,see_VERB,VBG
49,that,that,SCONJ,that_SCONJ,IN
49,Graydon,Graydon,PROPN,Graydon_PROPN,NNP
49,Carter,Carter,PROPN,Carter_PROPN,NNP
49,and,and,CCONJ,and_CCONJ,CC
49,@VanityFair,@VanityFair,PROPN,@VanityFair_PROPN,NNP
49,are,be,AUX,be_AUX,VBP
49,failing,fail,VERB,fail_VERB,VBG
49,so,so,ADV,so_ADV,RB
49,badly,badly,ADV,badly_ADV,RB
49,.,.,PUNCT,._PUNCT,.
49,He,he,PRON,he_PRON,PRP
49,‚Äôs,‚Äô,VERB,‚Äô_VERB,VBZ
49,only,only,ADV,only_ADV,RB
49,focused,focus,VERB,focus_VERB,VBD
49,on,on,ADP,on_ADP,IN
49,his,his,PRON,his_PRON,PRP$
49,bad,bad,ADJ,bad_ADJ,JJ
49,food,food,NOUN,food_NOUN,NN
49,restaurants,restaurant,NOUN,restaurant_NOUN,NNS
49,.,.,PUNCT,._PUNCT,.
50,The,the,DET,the_DET,DT
50,month,month,NOUN,month_NOUN,NN
50,of,of,ADP,of_ADP,IN
50,February,February,PROPN,February_PROPN,NNP
50,",",",",PUNCT,",_PUNCT",","
50,my,my,PRON,my_PRON,PRP$
50,first,first,ADJ,first_ADJ,JJ
50,full,full,ADJ,full_ADJ,JJ
50,month,month,NOUN,month_NOUN,NN
50,in,in,ADP,in_ADP,IN
50,Office,Office,PROPN,Office_PROPN,NNP
50,",",",",PUNCT,",_PUNCT",","
50,had,have,VERB,have_VERB,VBD
50,the,the,DET,the_DET,DT
50,LOWEST,lowest,NOUN,lowest_NOUN,NN
50,number,number,NOUN,number_NOUN,NN
50,of,of,ADP,of_ADP,IN
50,Illegal,Illegal,PROPN,Illegal_PROPN,NNP
50,Immigrants,Immigrants,PROPN,Immigrants_PROPN,NNPS
50,trying,try,VERB,try_VERB,VBG
50,to,to,PART,to_PART,TO
50,enter,enter,VERB,enter_VERB,VB
50,our,our,PRON,our_PRON,PRP$
50,Country,Country,PROPN,Country_PROPN,NNP
50,in,in,ADP,in_ADP,IN
50,History,history,NOUN,history_NOUN,NN
50,‚Äì,‚Äì,PUNCT,‚Äì_PUNCT,:
50,BY,by,ADV,by_ADV,RB
50,FAR,far,ADV,far_ADV,RB
50,!,!,PUNCT,!_PUNCT,.
50,There,there,PRON,there_PRON,EX
50,were,be,VERB,be_VERB,VBD
50,only,only,ADV,only_ADV,RB
50,"8,326","8,326",NUM,"8,326_NUM",CD
50,apprehensions,apprehension,NOUN,apprehension_NOUN,NNS
50,of,of,ADP,of_ADP,IN
50,Illegals,Illegals,PROPN,Illegals_PROPN,NNPS
50,by,by,ADP,by_ADP,IN
50,Border,Border,PROPN,Border_PROPN,NNP
50,Patrol,Patrol,PROPN,Patrol_PROPN,NNP
50,at,at,ADP,at_ADP,IN
50,the,the,DET,the_DET,DT
50,¬†,¬†,SPACE,¬†_SPACE,_SP
50,U.S.,U.S.,PROPN,U.S._PROPN,NNP
50,-,-,PUNCT,-_PUNCT,HYPH
50,Mexico,Mexico,PROPN,Mexico_PROPN,NNP
50,Border,Border,PROPN,Border_PROPN,NNP
50,",",",",PUNCT,",_PUNCT",","
50,all,all,PRON,all_PRON,DT
50,of,of,ADP,of_ADP,IN
50,whom,whom,PRON,whom_PRON,WP
50,were,be,AUX,be_AUX,VBD
50,quickly,quickly,ADV,quickly_ADV,RB
50,ejected,eject,VERB,eject_VERB,VBN
50,from,from,ADP,from_ADP,IN
50,our,our,PRON,our_PRON,PRP$
50,Nation,nation,NOUN,nation_NOUN,NN
50,or,or,CCONJ,or_CCONJ,CC
50,",",",",PUNCT,",_PUNCT",","
50,when,when,SCONJ,when_SCONJ,WRB
50,necessary,necessary,ADJ,necessary_ADJ,JJ
50,",",",",PUNCT,",_PUNCT",","
50,prosecuted,prosecute,VERB,prosecute_VERB,VBN
50,for,for,ADP,for_ADP,IN
50,crimes,crime,NOUN,crime_NOUN,NNS
50,against,against,ADP,against_ADP,IN
50,the,the,DET,the_DET,DT
50,United,United,PROPN,United_PROPN,NNP
50,States,States,PROPN,States_PROPN,NNP
50,of,of,ADP,of_ADP,IN
50,America,America,PROPN,America_PROPN,NNP
50,.,.,PUNCT,._PUNCT,.
50,This,this,PRON,this_PRON,DT
50,means,mean,VERB,mean_VERB,VBZ
50,that,that,SCONJ,that_SCONJ,IN
50,very,very,ADV,very_ADV,RB
50,few,few,ADJ,few_ADJ,JJ
50,people,people,NOUN,people_NOUN,NNS
50,came,come,VERB,come_VERB,VBD
50,‚Äì,‚Äì,PUNCT,‚Äì_PUNCT,:
50,The,the,DET,the_DET,DT
50,Invasion,Invasion,PROPN,Invasion_PROPN,NNP
50,of,of,ADP,of_ADP,IN
50,our,our,PRON,our_PRON,PRP$
50,Country,Country,PROPN,Country_PROPN,NNP
50,is,be,AUX,be_AUX,VBZ
50,OVER,over,ADV,over_ADV,RB
50,.,.,PUNCT,._PUNCT,.
50,In,in,ADP,in_ADP,IN
50,comparison,comparison,NOUN,comparison_NOUN,NN
50,",",",",PUNCT,",_PUNCT",","
50,under,under,ADP,under_ADP,IN
50,Joe,Joe,PROPN,Joe_PROPN,NNP
50,Biden,Biden,PROPN,Biden_PROPN,NNP
50,",",",",PUNCT,",_PUNCT",","
50,there,there,PRON,there_PRON,EX
50,were,be,VERB,be_VERB,VBD
50,"300,000","300,000",NUM,"300,000_NUM",CD
50,Illegals,illegal,NOUN,illegal_NOUN,NNS
50,crossing,cross,VERB,cross_VERB,VBG
50,in,in,ADP,in_ADP,IN
50,one,one,NUM,one_NUM,CD
50,month,month,NOUN,month_NOUN,NN
50,",",",",PUNCT,",_PUNCT",","
50,and,and,CCONJ,and_CCONJ,CC
50,virtually,virtually,ADV,virtually_ADV,RB
50,ALL,all,PRON,all_PRON,DT
50,of,of,ADP,of_ADP,IN
50,them,they,PRON,they_PRON,PRP
50,were,be,AUX,be_AUX,VBD
50,released,release,VERB,release_VERB,VBN
50,into,into,ADP,into_ADP,IN
50,our,our,PRON,our_PRON,PRP$
50,Country,Country,PROPN,Country_PROPN,NNP
50,.,.,PUNCT,._PUNCT,.
50,Thanks,thank,NOUN,thank_NOUN,NNS
50,to,to,ADP,to_ADP,IN
50,the,the,DET,the_DET,DT
50,Trump,Trump,PROPN,Trump_PROPN,NNP
50,Administration,Administration,PROPN,Administration_PROPN,NNP
50,Policies,Policies,PROPN,Policies_PROPN,NNPS
50,",",",",PUNCT,",_PUNCT",","
50,the,the,DET,the_DET,DT
50,Border,Border,PROPN,Border_PROPN,NNP
50,is,be,AUX,be_AUX,VBZ
50,CLOSED,closed,ADJ,closed_ADJ,JJ
50,to,to,ADP,to_ADP,IN
50,all,all,DET,all_DET,DT
50,Illegal,Illegal,PROPN,Illegal_PROPN,NNP
50,Immigrants,Immigrants,PROPN,Immigrants_PROPN,NNPS
50,.,.,PUNCT,._PUNCT,.
50,Anyone,anyone,PRON,anyone_PRON,NN
50,who,who,PRON,who_PRON,WP
50,tries,try,VERB,try_VERB,VBZ
50,to,to,PART,to_PART,TO
50,illegally,illegally,ADV,illegally_ADV,RB
50,enter,enter,VERB,enter_VERB,VB
50,the,the,DET,the_DET,DT
50,U.S.A.,U.S.A.,PROPN,U.S.A._PROPN,NNP
50,will,will,AUX,will_AUX,MD
50,face,face,VERB,face_VERB,VB
50,significant,significant,ADJ,significant_ADJ,JJ
50,criminal,criminal,ADJ,criminal_ADJ,JJ
50,penalties,penalty,NOUN,penalty_NOUN,NNS
50,and,and,CCONJ,and_CCONJ,CC
50,immediate,immediate,ADJ,immediate_ADJ,JJ
50,deportation,deportation,NOUN,deportation_NOUN,NN
50,.,.,PUNCT,._PUNCT,.
