post_id,date,word,lemma,pos,lemma_p
0,2010-11-04,Reminder@@,Reminder@@,NOUN,Reminder@@_NOUN
0,2010-11-04,:,:,PUNCT,:_PUNCT
0,2010-11-04,The,The,DET,The_DET
0,2010-11-04,Miss Universe,Miss Universe,PROPN,Miss Universe_PROPN
0,2010-11-04,competition,competition,NOUN,competition_NOUN
0,2010-11-04,will be,will be,AUX,will be_AUX
0,2010-11-04,LIVE,LIVE,ADJ,LIVE_ADJ
0,2010-11-04,from,from,ADP,from_ADP
0,2010-11-04,the,the,DET,the_DET
0,2010-11-04,Bahamas,Bahamas,PROPN,Bahamas_PROPN
0,2010-11-04,-,-,PUNCT,-_PUNCT
0,2010-11-04,Tonight,Tonight,NOUN,Tonight_NOUN
0,2010-11-04,@,@,ADP,@_ADP
0,2010-11-04,9pm,9pm,NUM,9pm_NUM
0,2010-11-04,(@@,(@@,SYM,(@@_SYM
0,2010-11-04,EST@@,EST@@,PROPN,EST@@_PROPN
0,2010-11-04,),),PUNCT,)_PUNCT
0,2010-11-04,on,on,ADP,on_ADP
0,2010-11-04,NBC@@,NBC@@,PROPN,NBC@@_PROPN
0,2010-11-04,:,:,PUNCT,:_PUNCT
0,2010-11-04,http://tinyurl.com/mrzad9,http://tinyurl.com/mrzad9,X,http://tinyurl.com/mrzad9_X
1,2013-08-15,@Timc@@,@Timc@@,PROPN,@Timc@@_PROPN
1,2013-08-15,1021,1021,X,1021_X
1,2013-08-15,Thank@@,Thank@@,NOUN,Thank@@_NOUN
1,2013-08-15,s@@,s@@,ADV,s@@_ADV
1,2013-08-15,!,!,PUNCT,!_PUNCT
2,2013-06-12,"""@@","""@@",PUNCT,"""@@_PUNCT"
2,2013-06-12,"""@_KatherineWeb@@","""@_KatherineWeb@@",X,"""@_KatherineWeb@@_X"
2,2013-06-12,b:,b:,PUNCT,b:_PUNCT
2,2013-06-12,Looking,Looking,VERB,Looking_VERB
2,2013-06-12,forward,forward,ADV,forward_ADV
2,2013-06-12,to,to,ADP,to_ADP
2,2013-06-12,#MissUSA,#MissUSA,PROPN,#MissUSA_PROPN
2,2013-06-12,this,this,DET,this_DET
2,2013-06-12,weekend,weekend,NOUN,weekend_NOUN
2,2013-06-12,in,in,ADP,in_ADP
2,2013-06-12,Vegas@@,Vegas@@,PROPN,Vegas@@_PROPN
2,2013-06-12,"!""""","!""""",PUNCT,"!""""_PUNCT"
2,2013-06-12,Great,Great,ADJ,Great_ADJ
2,2013-06-12,to,to,PART,to_PART
2,2013-06-12,have,have,VERB,have_VERB
2,2013-06-12,our,our,PRON,our_PRON
2,2013-06-12,former@@,former@@,NOUN,former@@_NOUN
2,2013-06-12,.@@,.@@,PUNCT,.@@_PUNCT
2,2013-06-12,Miss Alabama@@,Miss Alabama@@,PROPN,Miss Alabama@@_PROPN
2,2013-06-12,!,!,PUNCT,!_PUNCT
3,2011-09-04,Addressing,Addressing,VERB,Addressing_VERB
3,2011-09-04,the,the,DET,the_DET
3,2011-09-04,Rise,Rise,NOUN,Rise_NOUN
3,2011-09-04,of,of,ADP,of_ADP
3,2011-09-04,Chronic,Chronic,ADJ,Chronic_ADJ
3,2011-09-04,Childhood Illnesses@@,Childhood Illnesses@@,NOUN,Childhood Illnesses@@_NOUN
3,2011-09-04,.,.,PUNCT,._PUNCT
3,2011-09-04,#AGENDA47,#AGENDA47,X,#AGENDA47_X
4,2020-05-11,RT @darhar981@@,RT @darhar981@@,X,RT @darhar981@@_X
4,2020-05-11,:,:,PUNCT,:_PUNCT
4,2020-05-11,Attorney,Attorney,PROPN,Attorney_PROPN
4,2020-05-11,General,General,ADJ,General_ADJ
4,2020-05-11,Barr@@,Barr@@,PROPN,Barr@@_PROPN
4,2020-05-11,<unk> s,<unk> s,PART,<unk> s_PART
4,2020-05-11,Office,Office,PROPN,Office_PROPN
4,2020-05-11,Shreds,Shreds,VERB,Shreds_VERB
4,2020-05-11,NBC@@,NBC@@,PROPN,NBC@@_PROPN
4,2020-05-11,<unk> s,<unk> s,PART,<unk> s_PART
4,2020-05-11,Chuck Todd,Chuck Todd,PROPN,Chuck Todd_PROPN
4,2020-05-11,For,For,ADP,For_ADP
4,2020-05-11,<unk>,<unk>,SYM,<unk>_SYM
4,2020-05-11,Deceptive,Deceptive,ADJ,Deceptive_ADJ
4,2020-05-11,Editing@@,Editing@@,NOUN,Editing@@_NOUN
4,2020-05-11,’,’,PART,’_PART
4,2020-05-11,Of,Of,ADP,Of_ADP
4,2020-05-11,Barr@@,Barr@@,PROPN,Barr@@_PROPN
4,2020-05-11,<unk> s,<unk> s,PART,<unk> s_PART
4,2020-05-11,Comments,Comments,NOUN,Comments_NOUN
4,2020-05-11,On,On,ADP,On_ADP
4,2020-05-11,<unk>,<unk>,PUNCT,<unk>_PUNCT
4,2020-05-11,Meet,Meet,VERB,Meet_VERB
4,2020-05-11,The,The,DET,The_DET
4,2020-05-11,Press@@,Press@@,NOUN,Press@@_NOUN
4,2020-05-11,",”",",”",PUNCT,",”_PUNCT"
4,2020-05-11,Todd@@,Todd@@,PROPN,Todd@@_PROPN
4,2020-05-11,…,…,PUNCT,…_PUNCT
5,2011-09-07,RT @MagaGlam@@,RT @MagaGlam@@,X,RT @MagaGlam@@_X
5,2011-09-07,<unk> <unk> <unk> <unk>,<unk> <unk> <unk> <unk>,SYM,<unk> <unk> <unk> <unk>_SYM
5,2011-09-07,Bring,Bring,VERB,Bring_VERB
5,2011-09-07,Back,Back,ADP,Back_ADP
5,2011-09-07,Trump,Trump,PROPN,Trump_PROPN
5,2011-09-07,<unk> <unk> <unk>,<unk> <unk> <unk>,SYM,<unk> <unk> <unk>_SYM
6,2011-09-01,,,,
7,2025-03-19,The,The,DET,The_DET
7,2025-03-19,CBP Home,CBP Home,PROPN,CBP Home_PROPN
7,2025-03-19,App,App,NOUN,App_NOUN
7,2025-03-19,is,is,AUX,is_AUX
7,2025-03-19,now,now,ADV,now_ADV
7,2025-03-19,available,available,ADJ,available_ADJ
7,2025-03-19,across,across,ADP,across_ADP
7,2025-03-19,all,all,DET,all_DET
7,2025-03-19,mobile,mobile,ADJ,mobile_ADJ
7,2025-03-19,App Stores@@,App Stores@@,NOUN,App Stores@@_NOUN
7,2025-03-19,!,!,PUNCT,!_PUNCT
8,2019-01-23,Congratulations,Congratulations,NOUN,Congratulations_NOUN
8,2019-01-23,to,to,ADP,to_ADP
8,2019-01-23,Mariano Rivera,Mariano Rivera,PROPN,Mariano Rivera_PROPN
8,2019-01-23,on,on,SCONJ,on_SCONJ
8,2019-01-23,unanimously,unanimously,ADV,unanimously_ADV
8,2019-01-23,being,being,AUX,being_AUX
8,2019-01-23,elected,elected,VERB,elected_VERB
8,2019-01-23,to,to,ADP,to_ADP
8,2019-01-23,the,the,DET,the_DET
8,2019-01-23,National,National,ADJ,National_ADJ
8,2019-01-23,Baseball Hall,Baseball Hall,PROPN,Baseball Hall_PROPN
8,2019-01-23,of,of,ADP,of_ADP
8,2019-01-23,Fam@@,Fam@@,PROPN,Fam@@_PROPN
8,2019-01-23,e@@,e@@,NOUN,e@@_NOUN
8,2019-01-23,!,!,PUNCT,!_PUNCT
8,2019-01-23,Not only,Not only,ADV,Not only_ADV
8,2019-01-23,a,a,DET,a_DET
8,2019-01-23,great,great,ADJ,great_ADJ
8,2019-01-23,player,player,NOUN,player_NOUN
8,2019-01-23,but,but,CCONJ,but_CCONJ
8,2019-01-23,a,a,DET,a_DET
8,2019-01-23,great,great,ADJ,great_ADJ
8,2019-01-23,person@@,person@@,NOUN,person@@_NOUN
8,2019-01-23,.,.,PUNCT,._PUNCT
8,2019-01-23,I,I,PRON,I_PRON
8,2019-01-23,am,am,AUX,am_AUX
8,2019-01-23,thankful,thankful,ADJ,thankful_ADJ
8,2019-01-23,for,for,ADP,for_ADP
8,2019-01-23,Mariano@@,Mariano@@,PROPN,Mariano@@_PROPN
8,2019-01-23,<unk> s,<unk> s,PART,<unk> s_PART
8,2019-01-23,support,support,NOUN,support_NOUN
8,2019-01-23,of,of,ADP,of_ADP
8,2019-01-23,the,the,DET,the_DET
8,2019-01-23,Opioid Drug,Opioid Drug,NOUN,Opioid Drug_NOUN
8,2019-01-23,Abuse Commission,Abuse Commission,PROPN,Abuse Commission_PROPN
8,2019-01-23,and,and,CCONJ,and_CCONJ
8,2019-01-23,@@@,@@@,X,@@@_X
8,2019-01-23,FitnessGov@@,FitnessGov@@,PROPN,FitnessGov@@_PROPN
8,2019-01-23,.,.,PUNCT,._PUNCT
8,2019-01-23,#EnterSandman #HOF2019@@,#EnterSandman #HOF2019@@,X,#EnterSandman #HOF2019@@_X
8,2019-01-23,<unk>,<unk>,SYM,<unk>_SYM
8,2019-01-23,https<unk> t.co/reU1gKWHSQ,https<unk> t.co/reU1gKWHSQ,X,https<unk> t.co/reU1gKWHSQ_X
9,2015-07-01,My,My,PRON,My_PRON
9,2015-07-01,recent,recent,ADJ,recent_ADJ
9,2015-07-01,statement,statement,NOUN,statement_NOUN
9,2015-07-01,re@@,re@@,X,re@@_X
9,2015-07-01,:,:,PUNCT,:_PUNCT
9,2015-07-01,@macys,@macys,PROPN,@macys_PROPN
9,2015-07-01,--,--,PUNCT,--_PUNCT
9,2015-07-01,We,We,PRON,We_PRON
9,2015-07-01,must,must,AUX,must_AUX
9,2015-07-01,have,have,VERB,have_VERB
9,2015-07-01,strong,strong,ADJ,strong_ADJ
9,2015-07-01,borders,borders,NOUN,borders_NOUN
9,2015-07-01,&@@,&@@,CCONJ,&@@_CCONJ
9,2015-07-01,amp@@,amp@@,X,amp@@_X
9,2015-07-01,",",",",PUNCT,",_PUNCT"
9,2015-07-01,stop,stop,VERB,stop_VERB
9,2015-07-01,illegal,illegal,ADJ,illegal_ADJ
9,2015-07-01,immigration,immigration,NOUN,immigration_NOUN
9,2015-07-01,now@@,now@@,ADV,now@@_ADV
9,2015-07-01,!...,!...,PUNCT,!..._PUNCT
9,2015-07-01,https<unk> t.co/HLCboRmTbl,https<unk> t.co/HLCboRmTbl,X,https<unk> t.co/HLCboRmTbl_X
10,2017-07-21,ICYMI@@,ICYMI@@,PROPN,ICYMI@@_PROPN
10,2017-07-21,-,-,PUNCT,-_PUNCT
10,2017-07-21,This,This,DET,This_DET
10,2017-07-21,week,week,NOUN,week_NOUN
10,2017-07-21,we,we,PRON,we_PRON
10,2017-07-21,hosted,hosted,VERB,hosted_VERB
10,2017-07-21,a,a,DET,a_DET
10,2017-07-21,#Made@@,#Made@@,VERB,#Made@@_VERB
10,2017-07-21,In@@,In@@,ADP,In@@_ADP
10,2017-07-21,America,America,PROPN,America_PROPN
10,2017-07-21,event@@,event@@,NOUN,event@@_NOUN
10,2017-07-21,",",",",PUNCT,",_PUNCT"
10,2017-07-21,right here,right here,ADV,right here_ADV
10,2017-07-21,at,at,ADP,at_ADP
10,2017-07-21,the,the,DET,the_DET
10,2017-07-21,@WhiteHouse@@,@WhiteHouse@@,PROPN,@WhiteHouse@@_PROPN
10,2017-07-21,!,!,PUNCT,!_PUNCT
10,2017-07-21,If,If,SCONJ,If_SCONJ
10,2017-07-21,it,it,PRON,it_PRON
10,2017-07-21,is,is,AUX,is_AUX
10,2017-07-21,MADE,MADE,VERB,MADE_VERB
10,2017-07-21,IN,IN,ADP,IN_ADP
10,2017-07-21,AMERIC@@,AMERIC@@,PROPN,AMERIC@@_PROPN
10,2017-07-21,"A,","A,",PUNCT,"A,_PUNCT"
10,2017-07-21,it,it,PRON,it_PRON
10,2017-07-21,is,is,AUX,is_AUX
10,2017-07-21,the,the,DET,the_DET
10,2017-07-21,BEST@@,BEST@@,NOUN,BEST@@_NOUN
10,2017-07-21,!,!,PUNCT,!_PUNCT
10,2017-07-21,US@@,US@@,PROPN,US@@_PROPN
10,2017-07-21,A@@,A@@,X,A@@_X
10,2017-07-21,<unk> <unk>,<unk> <unk>,PUNCT,<unk> <unk>_PUNCT
10,2017-07-21,https@@,https@@,X,https@@_X
10,2017-07-21,<unk>,<unk>,PUNCT,<unk>_PUNCT
10,2017-07-21,t.co/q4vB9GdE5y,t.co/q4vB9GdE5y,X,t.co/q4vB9GdE5y_X
11,2011-08-31,https<unk> www.mediaite.com/@@,https<unk> www.mediaite.com/@@,X,https<unk> www.mediaite.com/@@_X
11,2011-08-31,tv@@,tv@@,PROPN,tv@@_PROPN
11,2011-08-31,/@@,/@@,X,/@@_X
11,2011-08-31,trump@@,trump@@,PROPN,trump@@_PROPN
11,2011-08-31,-@@,-@@,X,-@@_X
11,2011-08-31,team-@@,team-@@,NOUN,team-@@_NOUN
11,2011-08-31,scored-@@,scored-@@,VERB,scored-@@_VERB
11,2011-08-31,big-@@,big-@@,X,big-@@_X
11,2011-08-31,win-@@,win-@@,VERB,win-@@_VERB
11,2011-08-31,with@@,with@@,ADP,with@@_ADP
11,2011-08-31,-@@,-@@,PART,-@@_PART
11,2011-08-31,potentially-@@,potentially-@@,ADV,potentially-@@_ADV
11,2011-08-31,explosive-@@,explosive-@@,ADJ,explosive-@@_ADJ
11,2011-08-31,rul@@,rul@@,NOUN,rul@@_NOUN
11,2011-08-31,ing-@@,ing-@@,ADJ,ing-@@_ADJ
11,2011-08-31,on-@@,on-@@,ADP,on-@@_ADP
11,2011-08-31,special-@@,special-@@,ADJ,special-@@_ADJ
11,2011-08-31,master@@,master@@,NOUN,master@@_NOUN
11,2011-08-31,-to-@@,-to-@@,PART,-to-@@_PART
11,2011-08-31,review@@,review@@,NOUN,review@@_NOUN
11,2011-08-31,-@@,-@@,PUNCT,-@@_PUNCT
11,2011-08-31,doc@@,doc@@,NOUN,doc@@_NOUN
11,2011-08-31,s-@@,s-@@,X,s-@@_X
11,2011-08-31,taken@@,taken@@,VERB,taken@@_VERB
11,2011-08-31,-by-@@,-by-@@,ADP,-by-@@_ADP
11,2011-08-31,the-@@,the-@@,DET,the-@@_DET
11,2011-08-31,fbi-@@,fbi-@@,PROPN,fbi-@@_PROPN
11,2011-08-31,argu@@,argu@@,NOUN,argu@@_NOUN
11,2011-08-31,es-andrew-@@,es-andrew-@@,X,es-andrew-@@_X
11,2011-08-31,mccar@@,mccar@@,PROPN,mccar@@_PROPN
11,2011-08-31,thy@@,thy@@,X,thy@@_X
11,2011-08-31,/,/,PUNCT,/_PUNCT
12,2018-10-03,Thank,Thank,VERB,Thank_VERB
12,2018-10-03,you,you,PRON,you_PRON
12,2018-10-03,Governor Phil Bryant,Governor Phil Bryant,PROPN,Governor Phil Bryant_PROPN
12,2018-10-03,-,-,PUNCT,-_PUNCT
12,2018-10-03,it,it,PRON,it_PRON
12,2018-10-03,was,was,AUX,was_AUX
12,2018-10-03,my,my,PRON,my_PRON
12,2018-10-03,great,great,ADJ,great_ADJ
12,2018-10-03,honor,honor,NOUN,honor_NOUN
12,2018-10-03,to,to,PART,to_PART
12,2018-10-03,be,be,AUX,be_AUX
12,2018-10-03,there@@,there@@,ADV,there@@_ADV
12,2018-10-03,!,!,PUNCT,!_PUNCT
12,2018-10-03,#MAGA https<unk> t.co/UbY7Qu2fMt,#MAGA https<unk> t.co/UbY7Qu2fMt,X,#MAGA https<unk> t.co/UbY7Qu2fMt_X
13,2017-01-12,Thank,Thank,VERB,Thank_VERB
13,2017-01-12,you,you,PRON,you_PRON
13,2017-01-12,to,to,ADP,to_ADP
13,2017-01-12,Linda Bean,Linda Bean,PROPN,Linda Bean_PROPN
13,2017-01-12,of,of,ADP,of_ADP
13,2017-01-12,L.L.Bean,L.L.Bean,PROPN,L.L.Bean_PROPN
13,2017-01-12,for,for,ADP,for_ADP
13,2017-01-12,your,your,PRON,your_PRON
13,2017-01-12,great,great,ADJ,great_ADJ
13,2017-01-12,support,support,NOUN,support_NOUN
13,2017-01-12,and,and,CCONJ,and_CCONJ
13,2017-01-12,courage@@,courage@@,NOUN,courage@@_NOUN
13,2017-01-12,.,.,PUNCT,._PUNCT
13,2017-01-12,People,People,NOUN,People_NOUN
13,2017-01-12,will,will,AUX,will_AUX
13,2017-01-12,support,support,VERB,support_VERB
13,2017-01-12,you,you,PRON,you_PRON
13,2017-01-12,even more now@@,even more now@@,ADV,even more now@@_ADV
13,2017-01-12,.,.,PUNCT,._PUNCT
13,2017-01-12,Buy,Buy,VERB,Buy_VERB
13,2017-01-12,L.L.Bean@@,L.L.Bean@@,PROPN,L.L.Bean@@_PROPN
13,2017-01-12,.,.,PUNCT,._PUNCT
13,2017-01-12,@LBPerfect@@,@LBPerfect@@,X,@LBPerfect@@_X
13,2017-01-12,Maine,Maine,PROPN,Maine_PROPN
14,2015-05-21,"""@@","""@@",PUNCT,"""@@_PUNCT"
14,2015-05-21,"""@HarmonBrew: @FoxNews @megynkelly DonaldTrump #KellyFile","""@HarmonBrew: @FoxNews @megynkelly DonaldTrump #KellyFile",X,"""@HarmonBrew: @FoxNews @megynkelly DonaldTrump #KellyFile_X"
14,2015-05-21,Trump,Trump,PROPN,Trump_PROPN
14,2015-05-21,is,is,AUX,is_AUX
14,2015-05-21,so,so,ADV,so_ADV
14,2015-05-21,right,right,ADJ,right_ADJ
14,2015-05-21,about,about,ADP,about_ADP
14,2015-05-21,Geller@@,Geller@@,PROPN,Geller@@_PROPN
14,2015-05-21,.,.,PUNCT,._PUNCT
14,2015-05-21,Megyn@@,Megyn@@,PROPN,Megyn@@_PROPN
14,2015-05-21,",",",",PUNCT,",_PUNCT"
14,2015-05-21,stop advocating,stop advocating,VERB,stop advocating_VERB
14,2015-05-21,for,for,ADP,for_ADP
14,2015-05-21,her@@,her@@,PRON,her@@_PRON
14,2015-05-21,",",",",PUNCT,",_PUNCT"
14,2015-05-21,its,its,PRON,its_PRON
14,2015-05-21,a,a,DET,a_DET
14,2015-05-21,loser@@,loser@@,NOUN,loser@@_NOUN
14,2015-05-21,".""""",".""""",PUNCT,".""""_PUNCT"
15,2025-06-17,We,We,PRON,We_PRON
15,2025-06-17,now,now,ADV,now_ADV
15,2025-06-17,have,have,VERB,have_VERB
15,2025-06-17,complete,complete,ADJ,complete_ADJ
15,2025-06-17,and,and,CCONJ,and_CCONJ
15,2025-06-17,total,total,ADJ,total_ADJ
15,2025-06-17,control,control,NOUN,control_NOUN
15,2025-06-17,of,of,ADP,of_ADP
15,2025-06-17,the,the,DET,the_DET
15,2025-06-17,skies,skies,NOUN,skies_NOUN
15,2025-06-17,over,over,ADP,over_ADP
15,2025-06-17,Iran@@,Iran@@,PROPN,Iran@@_PROPN
15,2025-06-17,.,.,PUNCT,._PUNCT
15,2025-06-17,Iran,Iran,PROPN,Iran_PROPN
15,2025-06-17,had,had,VERB,had_VERB
15,2025-06-17,good,good,ADJ,good_ADJ
15,2025-06-17,sky trackers,sky trackers,NOUN,sky trackers_NOUN
15,2025-06-17,and,and,CCONJ,and_CCONJ
15,2025-06-17,other defensive,other defensive,ADJ,other defensive_ADJ
15,2025-06-17,equipment@@,equipment@@,NOUN,equipment@@_NOUN
15,2025-06-17,",",",",PUNCT,",_PUNCT"
15,2025-06-17,and,and,CCONJ,and_CCONJ
15,2025-06-17,plenty,plenty,NOUN,plenty_NOUN
15,2025-06-17,of,of,ADP,of_ADP
15,2025-06-17,it@@,it@@,PRON,it@@_PRON
15,2025-06-17,",",",",PUNCT,",_PUNCT"
15,2025-06-17,but,but,CCONJ,but_CCONJ
15,2025-06-17,it,it,PRON,it_PRON
15,2025-06-17,does@@,does@@,AUX,does@@_AUX
15,2025-06-17,n<unk> t,n<unk> t,PART,n<unk> t_PART
15,2025-06-17,compare,compare,VERB,compare_VERB
15,2025-06-17,to,to,ADP,to_ADP
15,2025-06-17,American,American,ADJ,American_ADJ
15,2025-06-17,made@@,made@@,NOUN,made@@_NOUN
15,2025-06-17,",",",",PUNCT,",_PUNCT"
15,2025-06-17,conc@@,conc@@,ADJ,conc@@_ADJ
15,2025-06-17,ei@@,ei@@,ADV,ei@@_ADV
15,2025-06-17,ved@@,ved@@,ADJ,ved@@_ADJ
15,2025-06-17,",",",",PUNCT,",_PUNCT"
15,2025-06-17,and,and,CCONJ,and_CCONJ
15,2025-06-17,manufactured,manufactured,VERB,manufactured_VERB
15,2025-06-17,<unk>,<unk>,ADV,<unk>_ADV
15,2025-06-17,stuff@@,stuff@@,NOUN,stuff@@_NOUN
15,2025-06-17,.”,.”,PUNCT,.”_PUNCT
15,2025-06-17,Nobody,Nobody,PRON,Nobody_PRON
15,2025-06-17,does,does,VERB,does_VERB
15,2025-06-17,it,it,PRON,it_PRON
15,2025-06-17,better,better,ADV,better_ADV
15,2025-06-17,than,than,ADP,than_ADP
15,2025-06-17,the,the,DET,the_DET
15,2025-06-17,good ol@@,good ol@@,ADJ,good ol@@_ADJ
15,2025-06-17,’,’,PART,’_PART
15,2025-06-17,USA.,USA.,PROPN,USA._PROPN
16,2025-07-27,https<unk> www.thegatewaypundit.com/2025/07/@@,https<unk> www.thegatewaypundit.com/2025/07/@@,X,https<unk> www.thegatewaypundit.com/2025/07/@@_X
16,2025-07-27,her@@,her@@,PRON,her@@_PRON
16,2025-07-27,-@@,-@@,X,-@@_X
16,2025-07-27,biggest-@@,biggest-@@,ADJ,biggest-@@_ADJ
16,2025-07-27,scandal-@@,scandal-@@,X,scandal-@@_X
16,2025-07-27,y@@,y@@,ADV,y@@_ADV
16,2025-07-27,et-@@,et-@@,X,et-@@_X
16,2025-07-27,ir@@,ir@@,PROPN,ir@@_PROPN
16,2025-07-27,an-@@,an-@@,X,an-@@_X
16,2025-07-27,chin@@,chin@@,PROPN,chin@@_PROPN
16,2025-07-27,a-@@,a-@@,X,a-@@_X
16,2025-07-27,ar@@,ar@@,AUX,ar@@_AUX
16,2025-07-27,e-circumventing/,e-circumventing/,X,e-circumventing/_X
17,2011-09-07,https<unk> www.foxnews.com/politics/@@,https<unk> www.foxnews.com/politics/@@,X,https<unk> www.foxnews.com/politics/@@_X
17,2011-09-07,hun@@,hun@@,PROPN,hun@@_PROPN
17,2011-09-07,ter-biden-@@,ter-biden-@@,X,ter-biden-@@_X
17,2011-09-07,received-@@,received-@@,VERB,received-@@_VERB
17,2011-09-07,250k-@@,250k-@@,X,250k-@@_X
17,2011-09-07,wi@@,wi@@,NOUN,wi@@_NOUN
17,2011-09-07,re-@@,re-@@,X,re-@@_X
17,2011-09-07,fro@@,fro@@,ADP,fro@@_ADP
17,2011-09-07,m-@@,m-@@,X,m-@@_X
17,2011-09-07,beij@@,beij@@,PROPN,beij@@_PROPN
17,2011-09-07,ing-@@,ing-@@,X,ing-@@_X
17,2011-09-07,with@@,with@@,ADP,with@@_ADP
17,2011-09-07,-@@,-@@,DET,-@@_DET
17,2011-09-07,benefici@@,benefici@@,NOUN,benefici@@_NOUN
17,2011-09-07,ary-@@,ary-@@,X,ary-@@_X
17,2011-09-07,address@@,address@@,NOUN,address@@_NOUN
17,2011-09-07,-@@,-@@,X,-@@_X
17,2011-09-07,list@@,list@@,VERB,list@@_VERB
17,2011-09-07,ed-@@,ed-@@,X,ed-@@_X
17,2011-09-07,as-@@,as-@@,ADP,as-@@_ADP
17,2011-09-07,jo@@,jo@@,PROPN,jo@@_PROPN
17,2011-09-07,e-@@,e-@@,X,e-@@_X
17,2011-09-07,bid@@,bid@@,PROPN,bid@@_PROPN
17,2011-09-07,en-delaware-home,en-delaware-home,X,en-delaware-home_X
18,2014-05-23,Via,Via,ADP,Via_ADP
18,2014-05-23,@@@,@@@,X,@@@_X
18,2014-05-23,BreitbartNews,BreitbartNews,PROPN,BreitbartNews_PROPN
18,2014-05-23,by,by,ADP,by_ADP
18,2014-05-23,@TheTonyLee@@,@TheTonyLee@@,X,@TheTonyLee@@_X
18,2014-05-23,": """"@@",": """"@@",PUNCT,": """"@@_PUNCT"
18,2014-05-23,@Citizens_United,@Citizens_United,PROPN,@Citizens_United_PROPN
18,2014-05-23,sues,sues,VERB,sues_VERB
18,2014-05-23,@AGSchneiderman,@AGSchneiderman,PROPN,@AGSchneiderman_PROPN
18,2014-05-23,for,for,SCONJ,for_SCONJ
18,2014-05-23,violating,violating,VERB,violating_VERB
18,2014-05-23,1st,1st,ADJ,1st_ADJ
18,2014-05-23,Amendment@@,Amendment@@,NOUN,Amendment@@_NOUN
18,2014-05-23,"""""","""""",PUNCT,"""""_PUNCT"
18,2014-05-23,http://t.co/1YMvzIOnfI,http://t.co/1YMvzIOnfI,X,http://t.co/1YMvzIOnfI_X
19,2015-09-02,"""""@@","""""@@",PUNCT,"""""@@_PUNCT"
19,2015-09-02,@L@@,@L@@,X,@L@@_X
19,2015-09-02,Babcock@@,Babcock@@,PROPN,Babcock@@_PROPN
19,2015-09-02,2@@,2@@,X,2@@_X
19,2015-09-02,:,:,PUNCT,:_PUNCT
19,2015-09-02,@@@,@@@,X,@@@_X
19,2015-09-02,oreilly@@,oreilly@@,PROPN,oreilly@@_PROPN
19,2015-09-02,factor @@@,factor @@@,X,factor @@@_X
19,2015-09-02,FoxNews,FoxNews,PROPN,FoxNews_PROPN
19,2015-09-02,I,I,PRON,I_PRON
19,2015-09-02,have,have,AUX,have_AUX
19,2015-09-02,always,always,ADV,always_ADV
19,2015-09-02,wondered,wondered,VERB,wondered_VERB
19,2015-09-02,why,why,SCONJ,why_SCONJ
19,2015-09-02,Fox,Fox,PROPN,Fox_PROPN
19,2015-09-02,kept,kept,VERB,kept_VERB
19,2015-09-02,Rove,Rove,PROPN,Rove_PROPN
19,2015-09-02,on,on,ADV,on_ADV
19,2015-09-02,after,after,ADP,after_ADP
19,2015-09-02,his,his,PRON,his_PRON
19,2015-09-02,disastrous,disastrous,ADJ,disastrous_ADJ
19,2015-09-02,election prediction@@,election prediction@@,NOUN,election prediction@@_NOUN
19,2015-09-02,"s.""""","s.""""",PUNCT,"s.""""_PUNCT"
19,2015-09-02,He,He,PRON,He_PRON
19,2015-09-02,is,is,AUX,is_AUX
19,2015-09-02,a,a,DET,a_DET
19,2015-09-02,jo@@,jo@@,NOUN,jo@@_NOUN
19,2015-09-02,ke!,ke!,PUNCT,ke!_PUNCT
20,2020-04-06,Congratulations,Congratulations,NOUN,Congratulations_NOUN
20,2020-04-06,to,to,ADP,to_ADP
20,2020-04-06,State,State,NOUN,State_NOUN
20,2020-04-06,Representative Karen Whitsett,Representative Karen Whitsett,PROPN,Representative Karen Whitsett_PROPN
20,2020-04-06,of,of,ADP,of_ADP
20,2020-04-06,Michigan@@,Michigan@@,PROPN,Michigan@@_PROPN
20,2020-04-06,.,.,PUNCT,._PUNCT
20,2020-04-06,So,So,ADV,So_ADV
20,2020-04-06,glad,glad,ADJ,glad_ADJ
20,2020-04-06,you,you,PRON,you_PRON
20,2020-04-06,are,are,AUX,are_AUX
20,2020-04-06,getting,getting,VERB,getting_VERB
20,2020-04-06,better@@,better@@,ADJ,better@@_ADJ
20,2020-04-06,!,!,PUNCT,!_PUNCT
20,2020-04-06,https<unk> t.co/v6z46rUDtg,https<unk> t.co/v6z46rUDtg,X,https<unk> t.co/v6z46rUDtg_X
21,2020-03-24,Congress,Congress,PROPN,Congress_PROPN
21,2020-03-24,must,must,AUX,must_AUX
21,2020-03-24,approve,approve,VERB,approve_VERB
21,2020-03-24,the,the,DET,the_DET
21,2020-03-24,deal@@,deal@@,NOUN,deal@@_NOUN
21,2020-03-24,",",",",PUNCT,",_PUNCT"
21,2020-03-24,without,without,ADP,without_ADP
21,2020-03-24,all,all,DET,all_DET
21,2020-03-24,of,of,ADP,of_ADP
21,2020-03-24,the,the,DET,the_DET
21,2020-03-24,nonsense@@,nonsense@@,NOUN,nonsense@@_NOUN
21,2020-03-24,",",",",PUNCT,",_PUNCT"
21,2020-03-24,today@@,today@@,NOUN,today@@_NOUN
21,2020-03-24,.,.,PUNCT,._PUNCT
21,2020-03-24,The,The,DET,The_DET
21,2020-03-24,longer,longer,ADV,longer_ADV
21,2020-03-24,it,it,PRON,it_PRON
21,2020-03-24,takes@@,takes@@,VERB,takes@@_VERB
21,2020-03-24,",",",",PUNCT,",_PUNCT"
21,2020-03-24,the,the,DET,the_DET
21,2020-03-24,harder,harder,ADJ,harder_ADJ
21,2020-03-24,it,it,PRON,it_PRON
21,2020-03-24,will be,will be,AUX,will be_AUX
21,2020-03-24,to,to,PART,to_PART
21,2020-03-24,start,start,VERB,start_VERB
21,2020-03-24,up,up,ADP,up_ADP
21,2020-03-24,our,our,PRON,our_PRON
21,2020-03-24,econom@@,econom@@,NOUN,econom@@_NOUN
21,2020-03-24,y.,y.,PUNCT,y._PUNCT
21,2020-03-24,Our,Our,PRON,Our_PRON
21,2020-03-24,workers,workers,NOUN,workers_NOUN
21,2020-03-24,will be,will be,AUX,will be_AUX
21,2020-03-24,hurt@@,hurt@@,VERB,hurt@@_VERB
21,2020-03-24,!,!,PUNCT,!_PUNCT
22,2011-09-07,https<unk> justthenews.com/@@,https<unk> justthenews.com/@@,X,https<unk> justthenews.com/@@_X
22,2011-09-07,politic@@,politic@@,NOUN,politic@@_NOUN
22,2011-09-07,s-@@,s-@@,X,s-@@_X
22,2011-09-07,polic@@,polic@@,NOUN,polic@@_NOUN
22,2011-09-07,y/all-@@,y/all-@@,X,y/all-@@_X
22,2011-09-07,thing@@,thing@@,NOUN,thing@@_NOUN
22,2011-09-07,s-trump/trump-serves-meals-border-troops-picks-@@,s-trump/trump-serves-meals-border-troops-picks-@@,X,s-trump/trump-serves-meals-border-troops-picks-@@_X
22,2011-09-07,tex@@,tex@@,PROPN,tex@@_PROPN
22,2011-09-07,as-@@,as-@@,X,as-@@_X
22,2011-09-07,governor@@,governor@@,NOUN,governor@@_NOUN
22,2011-09-07,s-endorsement,s-endorsement,X,s-endorsement_X
23,2019-12-25,RT @FLOTUS@@,RT @FLOTUS@@,X,RT @FLOTUS@@_X
23,2019-12-25,:,:,PUNCT,:_PUNCT
23,2019-12-25,Wishing,Wishing,VERB,Wishing_VERB
23,2019-12-25,you,you,PRON,you_PRON
23,2019-12-25,all a,all a,DET,all a_DET
23,2019-12-25,very,very,ADV,very_ADV
23,2019-12-25,#Merry@@,#Merry@@,ADJ,#Merry@@_ADJ
23,2019-12-25,Christmas@@,Christmas@@,PROPN,Christmas@@_PROPN
23,2019-12-25,!,!,PUNCT,!_PUNCT
23,2019-12-25,May,May,AUX,May_AUX
23,2019-12-25,your,your,PRON,your_PRON
23,2019-12-25,day,day,NOUN,day_NOUN
23,2019-12-25,be,be,AUX,be_AUX
23,2019-12-25,filled,filled,VERB,filled_VERB
23,2019-12-25,with,with,ADP,with_ADP
23,2019-12-25,peace@@,peace@@,NOUN,peace@@_NOUN
23,2019-12-25,",",",",PUNCT,",_PUNCT"
23,2019-12-25,love,love,NOUN,love_NOUN
23,2019-12-25,and,and,CCONJ,and_CCONJ
23,2019-12-25,happiness@@,happiness@@,NOUN,happiness@@_NOUN
23,2019-12-25,!,!,PUNCT,!_PUNCT
23,2019-12-25,https<unk> t.co/yE6Vejihfo,https<unk> t.co/yE6Vejihfo,X,https<unk> t.co/yE6Vejihfo_X
24,2025-03-12,The,The,DET,The_DET
24,2025-03-12,United,United,ADJ,United_ADJ
24,2025-03-12,States,States,PROPN,States_PROPN
24,2025-03-12,of,of,ADP,of_ADP
24,2025-03-12,America,America,PROPN,America_PROPN
24,2025-03-12,is,is,AUX,is_AUX
24,2025-03-12,going,going,VERB,going_VERB
24,2025-03-12,to,to,PART,to_PART
24,2025-03-12,take,take,VERB,take_VERB
24,2025-03-12,back,back,ADP,back_ADP
24,2025-03-12,a,a,DET,a_DET
24,2025-03-12,lot,lot,NOUN,lot_NOUN
24,2025-03-12,of,of,SCONJ,of_SCONJ
24,2025-03-12,what,what,PRON,what_PRON
24,2025-03-12,was,was,AUX,was_AUX
24,2025-03-12,stolen,stolen,VERB,stolen_VERB
24,2025-03-12,from,from,ADP,from_ADP
24,2025-03-12,it,it,PRON,it_PRON
24,2025-03-12,by,by,ADP,by_ADP
24,2025-03-12,other,other,ADJ,other_ADJ
24,2025-03-12,countries,countries,NOUN,countries_NOUN
24,2025-03-12,and@@,and@@,CCONJ,and@@_CCONJ
24,2025-03-12,",",",",PUNCT,",_PUNCT"
24,2025-03-12,frankly@@,frankly@@,ADV,frankly@@_ADV
24,2025-03-12,",",",",PUNCT,",_PUNCT"
24,2025-03-12,by,by,ADP,by_ADP
24,2025-03-12,incompetent,incompetent,ADJ,incompetent_ADJ
24,2025-03-12,U.S.,U.S.,PROPN,U.S._PROPN
24,2025-03-12,leadership@@,leadership@@,NOUN,leadership@@_NOUN
24,2025-03-12,.,.,PUNCT,._PUNCT
24,2025-03-12,We@@,We@@,PRON,We@@_PRON
24,2025-03-12,'re,'re,AUX,'re_AUX
24,2025-03-12,going,going,VERB,going_VERB
24,2025-03-12,to,to,PART,to_PART
24,2025-03-12,take,take,VERB,take_VERB
24,2025-03-12,back,back,ADP,back_ADP
24,2025-03-12,our,our,PRON,our_PRON
24,2025-03-12,wealth,wealth,NOUN,wealth_NOUN
24,2025-03-12,and,and,CCONJ,and_CCONJ
24,2025-03-12,we@@,we@@,PRON,we@@_PRON
24,2025-03-12,'re,'re,AUX,'re_AUX
24,2025-03-12,take,take,VERB,take_VERB
24,2025-03-12,back,back,ADP,back_ADP
24,2025-03-12,a,a,DET,a_DET
24,2025-03-12,lot,lot,NOUN,lot_NOUN
24,2025-03-12,of,of,ADP,of_ADP
24,2025-03-12,the,the,DET,the_DET
24,2025-03-12,companies,companies,NOUN,companies_NOUN
24,2025-03-12,that,that,PRON,that_PRON
24,2025-03-12,left@@,left@@,VERB,left@@_VERB
24,2025-03-12,…,…,PUNCT,…_PUNCT
25,2025-01-31,,,,
26,2011-09-06,RT @mrddmia@@,RT @mrddmia@@,X,RT @mrddmia@@_X
26,2011-09-06,If,If,SCONJ,If_SCONJ
26,2011-09-06,Trump,Trump,PROPN,Trump_PROPN
26,2011-09-06,didn't,didn't,AUX,didn't_AUX
26,2011-09-06,incite,incite,VERB,incite_VERB
26,2011-09-06,the,the,DET,the_DET
26,2011-09-06,January,January,PROPN,January_PROPN
26,2011-09-06,6th riot@@,6th riot@@,NOUN,6th riot@@_NOUN
26,2011-09-06,",",",",PUNCT,",_PUNCT"
26,2011-09-06,what@@,what@@,PRON,what@@_PRON
26,2011-09-06,'s,'s,AUX,'s_AUX
26,2011-09-06,the,the,DET,the_DET
26,2011-09-06,actual,actual,ADJ,actual_ADJ
26,2011-09-06,crime,crime,NOUN,crime_NOUN
26,2011-09-06,and,and,CCONJ,and_CCONJ
26,2011-09-06,conspiracy@@,conspiracy@@,NOUN,conspiracy@@_NOUN
26,2011-09-06,?@@,?@@,PUNCT,?@@_PUNCT
26,2011-09-06,Objecting,Objecting,VERB,Objecting_VERB
26,2011-09-06,to,to,ADP,to_ADP
26,2011-09-06,the,the,DET,the_DET
26,2011-09-06,election@@,election@@,NOUN,election@@_NOUN
26,2011-09-06,--@@,--@@,PUNCT,--@@_PUNCT
26,2011-09-06,and,and,CCONJ,and_CCONJ
26,2011-09-06,submitting,submitting,VERB,submitting_VERB
26,2011-09-06,contingent,contingent,ADJ,contingent_ADJ
26,2011-09-06,electors@@,electors@@,NOUN,electors@@_NOUN
26,2011-09-06,?@@,?@@,PUNCT,?@@_PUNCT
26,2011-09-06,Allowed,Allowed,VERB,Allowed_VERB
26,2011-09-06,by,by,ADP,by_ADP
26,2011-09-06,Electoral,Electoral,ADJ,Electoral_ADJ
26,2011-09-06,Count,Count,NOUN,Count_NOUN
26,2011-09-06,Act,Act,PROPN,Act_PROPN
26,2011-09-06,of,of,ADP,of_ADP
26,2011-09-06,188@@,188@@,NUM,188@@_NUM
26,2011-09-06,7.@@,7.@@,SYM,7.@@_SYM
26,2011-09-06,Twisting,Twisting,VERB,Twisting_VERB
26,2011-09-06,political,political,ADJ,political_ADJ
26,2011-09-06,arms@@,arms@@,NOUN,arms@@_NOUN
26,2011-09-06,?@@,?@@,PUNCT,?@@_PUNCT
26,2011-09-06,Allowed,Allowed,VERB,Allowed_VERB
26,2011-09-06,by,by,ADP,by_ADP
26,2011-09-06,First,First,ADJ,First_ADJ
26,2011-09-06,Amendment@@,Amendment@@,NOUN,Amendment@@_NOUN
26,2011-09-06,.@@,.@@,PUNCT,.@@_PUNCT
26,2011-09-06,Trump@@,Trump@@,PROPN,Trump@@_PROPN
26,2011-09-06,'s,'s,PART,'s_PART
26,2011-09-06,"""@@","""@@",PUNCT,"""@@_PUNCT"
26,2011-09-06,crime@@,crime@@,NOUN,crime@@_NOUN
26,2011-09-06,"""?@@","""?@@",PUNCT,"""?@@_PUNCT"
26,2011-09-06,Winning,Winning,VERB,Winning_VERB
26,2011-09-06,in,in,ADP,in_ADP
26,2011-09-06,2016@@,2016@@,NUM,2016@@_NUM
26,2011-09-06,.,.,PUNCT,._PUNCT
27,2018-11-02,JOBS@@,JOBS@@,NOUN,JOBS@@_NOUN
27,2018-11-02,",",",",PUNCT,",_PUNCT"
27,2018-11-02,JOBS@@,JOBS@@,NOUN,JOBS@@_NOUN
27,2018-11-02,",",",",PUNCT,",_PUNCT"
27,2018-11-02,JOBS@@,JOBS@@,NOUN,JOBS@@_NOUN
27,2018-11-02,!,!,PUNCT,!_PUNCT
27,2018-11-02,#MAGA https<unk> t.co/ZqPjsPUX0t,#MAGA https<unk> t.co/ZqPjsPUX0t,X,#MAGA https<unk> t.co/ZqPjsPUX0t_X
28,2017-09-27,Facebook,Facebook,PROPN,Facebook_PROPN
28,2017-09-27,was,was,AUX,was_AUX
28,2017-09-27,always,always,ADV,always_ADV
28,2017-09-27,anti-@@,anti-@@,ADJ,anti-@@_ADJ
28,2017-09-27,Trump@@,Trump@@,PROPN,Trump@@_PROPN
28,2017-09-27,.The,.The,DET,.The_DET
28,2017-09-27,Networks,Networks,NOUN,Networks_NOUN
28,2017-09-27,were,were,AUX,were_AUX
28,2017-09-27,always,always,ADV,always_ADV
28,2017-09-27,anti-Trump,anti-Trump,ADJ,anti-Trump_ADJ
28,2017-09-27,hence@@,hence@@,ADV,hence@@_ADV
28,2017-09-27,",@@",",@@",PUNCT,",@@_PUNCT"
28,2017-09-27,Fake,Fake,ADJ,Fake_ADJ
28,2017-09-27,News@@,News@@,NOUN,News@@_NOUN
28,2017-09-27,",",",",PUNCT,",_PUNCT"
28,2017-09-27,@nytimes@@,@nytimes@@,PROPN,@nytimes@@_PROPN
28,2017-09-27,(@@,(@@,PUNCT,(@@_PUNCT
28,2017-09-27,apologized@@,apologized@@,VERB,apologized@@_VERB
28,2017-09-27,),),PUNCT,)_PUNCT
28,2017-09-27,&@@,&@@,CCONJ,&@@_CCONJ
28,2017-09-27,amp@@,amp@@,PROPN,amp@@_PROPN
28,2017-09-27,",",",",PUNCT,",_PUNCT"
28,2017-09-27,@WaPo,@WaPo,PROPN,@WaPo_PROPN
28,2017-09-27,were,were,AUX,were_AUX
28,2017-09-27,anti-@@,anti-@@,ADJ,anti-@@_ADJ
28,2017-09-27,Trump@@,Trump@@,PROPN,Trump@@_PROPN
28,2017-09-27,.,.,PUNCT,._PUNCT
28,2017-09-27,Collusion@@,Collusion@@,NOUN,Collusion@@_NOUN
28,2017-09-27,?,?,PUNCT,?_PUNCT
29,2014-09-01,"""@@","""@@",PUNCT,"""@@_PUNCT"
29,2014-09-01,"""@NPHerron: @@@","""@NPHerron: @@@",X,"""@NPHerron: @@@_X"
29,2014-09-01,realDonaldTrump,realDonaldTrump,PROPN,realDonaldTrump_PROPN
29,2014-09-01,For,For,ADP,For_ADP
29,2014-09-01,president,president,NOUN,president_NOUN
29,2014-09-01,#2016@@,#2016@@,X,#2016@@_X
29,2014-09-01,election@@,election@@,NOUN,election@@_NOUN
29,2014-09-01,"""""","""""",PUNCT,"""""_PUNCT"
30,2013-07-17,The,The,DET,The_DET
30,2013-07-17,Zimmerman,Zimmerman,PROPN,Zimmerman_PROPN
30,2013-07-17,trial,trial,NOUN,trial_NOUN
30,2013-07-17,is,is,AUX,is_AUX
30,2013-07-17,over@@,over@@,ADJ,over@@_ADJ
30,2013-07-17,.,.,PUNCT,._PUNCT
30,2013-07-17,It,It,PRON,It_PRON
30,2013-07-17,is,is,AUX,is_AUX
30,2013-07-17,time,time,NOUN,time_NOUN
30,2013-07-17,to,to,PART,to_PART
30,2013-07-17,move,move,VERB,move_VERB
30,2013-07-17,on@@,on@@,ADV,on@@_ADV
30,2013-07-17,.,.,PUNCT,._PUNCT
30,2013-07-17,While,While,SCONJ,While_SCONJ
30,2013-07-17,Zimmerman,Zimmerman,PROPN,Zimmerman_PROPN
30,2013-07-17,is,is,AUX,is_AUX
30,2013-07-17,no,no,DET,no_DET
30,2013-07-17,angel@@,angel@@,NOUN,angel@@_NOUN
30,2013-07-17,",",",",PUNCT,",_PUNCT"
30,2013-07-17,he,he,PRON,he_PRON
30,2013-07-17,was,was,AUX,was_AUX
30,2013-07-17,acquitted,acquitted,VERB,acquitted_VERB
30,2013-07-17,and,and,CCONJ,and_CCONJ
30,2013-07-17,should be,should be,AUX,should be_AUX
30,2013-07-17,able,able,ADJ,able_ADJ
30,2013-07-17,to,to,PART,to_PART
30,2013-07-17,move,move,VERB,move_VERB
30,2013-07-17,on@@,on@@,ADV,on@@_ADV
30,2013-07-17,.,.,PUNCT,._PUNCT
31,2020-11-07,RT @dbongino@@,RT @dbongino@@,X,RT @dbongino@@_X
31,2020-11-07,:,:,PUNCT,:_PUNCT
31,2020-11-07,The,The,DET,The_DET
31,2020-11-07,Polls,Polls,NOUN,Polls_NOUN
31,2020-11-07,Were,Were,AUX,Were_AUX
31,2020-11-07,More,More,ADV,More_ADV
31,2020-11-07,Wrong,Wrong,ADJ,Wrong_ADJ
31,2020-11-07,in,in,ADP,in_ADP
31,2020-11-07,2020,2020,NUM,2020_NUM
31,2020-11-07,Than in,Than in,ADP,Than in_ADP
31,2020-11-07,2016,2016,NUM,2016_NUM
31,2020-11-07,<unk> <unk> <unk>,<unk> <unk> <unk>,SYM,<unk> <unk> <unk>_SYM
31,2020-11-07,https<unk> t.co/LpepzKdlp1,https<unk> t.co/LpepzKdlp1,X,https<unk> t.co/LpepzKdlp1_X
32,2011-09-11,RT @IStandWith@@,RT @IStandWith@@,X,RT @IStandWith@@_X
32,2011-09-11,Trump@@,Trump@@,PROPN,Trump@@_PROPN
32,2011-09-11,47November,47November,X,47November_X
32,2011-09-11,5th,5th,NOUN,5th_NOUN
32,2011-09-11,can@@,can@@,AUX,can@@_AUX
32,2011-09-11,<unk> t,<unk> t,PART,<unk> t_PART
32,2011-09-11,come,come,VERB,come_VERB
32,2011-09-11,fast enough@@,fast enough@@,ADV,fast enough@@_ADV
32,2011-09-11,!,!,PUNCT,!_PUNCT
32,2011-09-11,<unk> <unk> <unk> <unk> <unk>,<unk> <unk> <unk> <unk> <unk>,SYM,<unk> <unk> <unk> <unk> <unk>_SYM
32,2011-09-11,#Trump2024 #Maga4@@,#Trump2024 #Maga4@@,X,#Trump2024 #Maga4@@_X
32,2011-09-11,The@@,The@@,DET,The@@_DET
32,2011-09-11,Fel@@,Fel@@,PROPN,Fel@@_PROPN
32,2011-09-11,on #Too@@,on #Too@@,X,on #Too@@_X
32,2011-09-11,Big@@,Big@@,ADJ,Big@@_ADJ
32,2011-09-11,To@@,To@@,PART,To@@_PART
32,2011-09-11,Rig,Rig,X,Rig_X
33,2015-05-15,"""@@","""@@",PUNCT,"""@@_PUNCT"
33,2015-05-15,"""@JDrago28@@","""@JDrago28@@",X,"""@JDrago28@@_X"
33,2015-05-15,:,:,PUNCT,:_PUNCT
33,2015-05-15,It,It,PRON,It_PRON
33,2015-05-15,was,was,AUX,was_AUX
33,2015-05-15,such an,such an,DET,such an_DET
33,2015-05-15,honor,honor,NOUN,honor_NOUN
33,2015-05-15,to,to,PART,to_PART
33,2015-05-15,meet,meet,VERB,meet_VERB
33,2015-05-15,@realDonaldTrump,@realDonaldTrump,PROPN,@realDonaldTrump_PROPN
33,2015-05-15,today,today,NOUN,today_NOUN
33,2015-05-15,in,in,ADP,in_ADP
33,2015-05-15,New,New,ADJ,New_ADJ
33,2015-05-15,Hampshire@@,Hampshire@@,PROPN,Hampshire@@_PROPN
33,2015-05-15,!,!,PUNCT,!_PUNCT
33,2015-05-15,What a,What a,DET,What a_DET
33,2015-05-15,great,great,ADJ,great_ADJ
33,2015-05-15,man@@,man@@,NOUN,man@@_NOUN
33,2015-05-15,!,!,PUNCT,!_PUNCT
33,2015-05-15,#NH #business http://t.co/VWxnWsTmBH@@,#NH #business http://t.co/VWxnWsTmBH@@,X,#NH #business http://t.co/VWxnWsTmBH@@_X
33,2015-05-15,"""""","""""",PUNCT,"""""_PUNCT"
34,2019-07-24,Why,Why,ADV,Why_ADV
34,2019-07-24,di@@,di@@,AUX,di@@_AUX
34,2019-07-24,dn<unk> t,dn<unk> t,PART,dn<unk> t_PART
34,2019-07-24,Robert Mueller,Robert Mueller,PROPN,Robert Mueller_PROPN
34,2019-07-24,&@@,&@@,CCONJ,&@@_CCONJ
34,2019-07-24,amp@@,amp@@,PROPN,amp@@_PROPN
34,2019-07-24,",",",",PUNCT,",_PUNCT"
34,2019-07-24,his,his,PRON,his_PRON
34,2019-07-24,band,band,NOUN,band_NOUN
34,2019-07-24,of,of,ADP,of_ADP
34,2019-07-24,18,18,NUM,18_NUM
34,2019-07-24,Angry,Angry,ADJ,Angry_ADJ
34,2019-07-24,Democrats,Democrats,PROPN,Democrats_PROPN
34,2019-07-24,spend,spend,VERB,spend_VERB
34,2019-07-24,any,any,DET,any_DET
34,2019-07-24,time,time,NOUN,time_NOUN
34,2019-07-24,investigating,investigating,VERB,investigating_VERB
34,2019-07-24,Crooked,Crooked,ADJ,Crooked_ADJ
34,2019-07-24,Hillary Clinton@@,Hillary Clinton@@,PROPN,Hillary Clinton@@_PROPN
34,2019-07-24,",",",",PUNCT,",_PUNCT"
34,2019-07-24,Ly@@,Ly@@,PROPN,Ly@@_PROPN
34,2019-07-24,in@@,in@@,VERB,in@@_VERB
34,2019-07-24,’,’,PART,’_PART
34,2019-07-24,&@@,&@@,CCONJ,&@@_CCONJ
34,2019-07-24,amp@@,amp@@,PROPN,amp@@_PROPN
34,2019-07-24,",",",",PUNCT,",_PUNCT"
34,2019-07-24,Leakin@@,Leakin@@,VERB,Leakin@@_VERB
34,2019-07-24,’,’,PART,’_PART
34,2019-07-24,James Comey@@,James Comey@@,PROPN,James Comey@@_PROPN
34,2019-07-24,",",",",PUNCT,",_PUNCT"
34,2019-07-24,Lisa Page,Lisa Page,PROPN,Lisa Page_PROPN
34,2019-07-24,and,and,CCONJ,and_CCONJ
34,2019-07-24,her,her,PRON,her_PRON
34,2019-07-24,Psycho,Psycho,ADJ,Psycho_ADJ
34,2019-07-24,lover@@,lover@@,NOUN,lover@@_NOUN
34,2019-07-24,",",",",PUNCT,",_PUNCT"
34,2019-07-24,Peter S@@,Peter S@@,PROPN,Peter S@@_PROPN
34,2019-07-24,",",",",PUNCT,",_PUNCT"
34,2019-07-24,Andy McCabe@@,Andy McCabe@@,PROPN,Andy McCabe@@_PROPN
34,2019-07-24,",",",",PUNCT,",_PUNCT"
34,2019-07-24,the,the,DET,the_DET
34,2019-07-24,beautiful,beautiful,ADJ,beautiful_ADJ
34,2019-07-24,Ohr,Ohr,PROPN,Ohr_PROPN
34,2019-07-24,family@@,family@@,NOUN,family@@_NOUN
34,2019-07-24,",",",",PUNCT,",_PUNCT"
34,2019-07-24,Fusion GPS@@,Fusion GPS@@,PROPN,Fusion GPS@@_PROPN
34,2019-07-24,",",",",PUNCT,",_PUNCT"
34,2019-07-24,and,and,CCONJ,and_CCONJ
34,2019-07-24,many more@@,many more@@,ADJ,many more@@_ADJ
34,2019-07-24,",",",",PUNCT,",_PUNCT"
34,2019-07-24,including,including,VERB,including_VERB
34,2019-07-24,HIMSELF,HIMSELF,PRON,HIMSELF_PRON
34,2019-07-24,&@@,&@@,CCONJ,&@@_CCONJ
34,2019-07-24,amp@@,amp@@,PROPN,amp@@_PROPN
34,2019-07-24,",",",",PUNCT,",_PUNCT"
34,2019-07-24,Andrew W@@,Andrew W@@,PROPN,Andrew W@@_PROPN
34,2019-07-24,?,?,PUNCT,?_PUNCT
35,2020-05-07,Today@@,Today@@,NOUN,Today@@_NOUN
35,2020-05-07,",",",",PUNCT,",_PUNCT"
35,2020-05-07,@FLOTUS,@FLOTUS,PROPN,@FLOTUS_PROPN
35,2020-05-07,celebrates,celebrates,VERB,celebrates_VERB
35,2020-05-07,the,the,DET,the_DET
35,2020-05-07,two,two,NUM,two_NUM
35,2020-05-07,year anniversary,year anniversary,NOUN,year anniversary_NOUN
35,2020-05-07,of,of,ADP,of_ADP
35,2020-05-07,#BeBest@@,#BeBest@@,PROPN,#BeBest@@_PROPN
35,2020-05-07,",",",",PUNCT,",_PUNCT"
35,2020-05-07,her,her,PRON,her_PRON
35,2020-05-07,initiative,initiative,NOUN,initiative_NOUN
35,2020-05-07,dedicated,dedicated,ADJ,dedicated_ADJ
35,2020-05-07,to,to,SCONJ,to_SCONJ
35,2020-05-07,bringing,bringing,VERB,bringing_VERB
35,2020-05-07,awareness,awareness,NOUN,awareness_NOUN
35,2020-05-07,to,to,ADP,to_ADP
35,2020-05-07,issues,issues,NOUN,issues_NOUN
35,2020-05-07,that,that,PRON,that_PRON
35,2020-05-07,impact,impact,VERB,impact_VERB
35,2020-05-07,the,the,DET,the_DET
35,2020-05-07,lives,lives,NOUN,lives_NOUN
35,2020-05-07,of,of,ADP,of_ADP
35,2020-05-07,children@@,children@@,NOUN,children@@_NOUN
35,2020-05-07,.,.,PUNCT,._PUNCT
35,2020-05-07,Congratulation@@,Congratulation@@,NOUN,Congratulation@@_NOUN
35,2020-05-07,"s,","s,",PUNCT,"s,_PUNCT"
35,2020-05-07,and,and,CCONJ,and_CCONJ
35,2020-05-07,thank,thank,VERB,thank_VERB
35,2020-05-07,you@@,you@@,PRON,you@@_PRON
35,2020-05-07,!,!,PUNCT,!_PUNCT
35,2020-05-07,https@@,https@@,X,https@@_X
35,2020-05-07,<unk>,<unk>,SYM,<unk>_SYM
35,2020-05-07,t.co/3jM5GfSvfg https<unk> t.co/dvh1MnzcFK,t.co/3jM5GfSvfg https<unk> t.co/dvh1MnzcFK,X,t.co/3jM5GfSvfg https<unk> t.co/dvh1MnzcFK_X
36,2017-05-20,Thank,Thank,VERB,Thank_VERB
36,2017-05-20,you,you,PRON,you_PRON
36,2017-05-20,to,to,ADP,to_ADP
36,2017-05-20,the,the,DET,the_DET
36,2017-05-20,BRAVE,BRAVE,ADJ,BRAVE_ADJ
36,2017-05-20,servicemen,servicemen,NOUN,servicemen_NOUN
36,2017-05-20,&@@,&@@,CCONJ,&@@_CCONJ
36,2017-05-20,amp@@,amp@@,X,amp@@_X
36,2017-05-20,",",",",PUNCT,",_PUNCT"
36,2017-05-20,women,women,NOUN,women_NOUN
36,2017-05-20,who,who,PRON,who_PRON
36,2017-05-20,have,have,AUX,have_AUX
36,2017-05-20,served@@,served@@,VERB,served@@_VERB
36,2017-05-20,",",",",PUNCT,",_PUNCT"
36,2017-05-20,and,and,CCONJ,and_CCONJ
36,2017-05-20,continue,continue,VERB,continue_VERB
36,2017-05-20,to,to,PART,to_PART
36,2017-05-20,serve,serve,VERB,serve_VERB
36,2017-05-20,the,the,DET,the_DET
36,2017-05-20,United,United,ADJ,United_ADJ
36,2017-05-20,Stat@@,Stat@@,PROPN,Stat@@_PROPN
36,2017-05-20,es-,es-,PUNCT,es-_PUNCT
36,2017-05-20,our,our,PRON,our_PRON
36,2017-05-20,true,true,ADJ,true_ADJ
36,2017-05-20,HEROES@@,HEROES@@,NOUN,HEROES@@_NOUN
36,2017-05-20,...,...,PUNCT,..._PUNCT
36,2017-05-20,https<unk> t.co/ZTV9F639xM,https<unk> t.co/ZTV9F639xM,X,https<unk> t.co/ZTV9F639xM_X
37,2020-08-20,THANK,THANK,VERB,THANK_VERB
37,2020-08-20,YOU,YOU,PRON,YOU_PRON
37,2020-08-20,PENNSYLVANIA@@,PENNSYLVANIA@@,PROPN,PENNSYLVANIA@@_PROPN
37,2020-08-20,!,!,PUNCT,!_PUNCT
37,2020-08-20,#MAGA https<unk> t.co/5BfdRyDD6a,#MAGA https<unk> t.co/5BfdRyDD6a,X,#MAGA https<unk> t.co/5BfdRyDD6a_X
38,2020-06-11,THOSE THAT,THOSE THAT,PRON,THOSE THAT_PRON
38,2020-06-11,DENY,DENY,VERB,DENY_VERB
38,2020-06-11,THEIR,THEIR,PRON,THEIR_PRON
38,2020-06-11,HISTORY,HISTORY,NOUN,HISTORY_NOUN
38,2020-06-11,ARE,ARE,AUX,ARE_AUX
38,2020-06-11,DOOMED,DOOMED,ADJ,DOOMED_ADJ
38,2020-06-11,TO,TO,PART,TO_PART
38,2020-06-11,REPEAT,REPEAT,VERB,REPEAT_VERB
38,2020-06-11,IT@@,IT@@,PRON,IT@@_PRON
38,2020-06-11,!,!,PUNCT,!_PUNCT
39,2011-09-12,https<unk> www.washingtonexaminer.com/news/@@,https<unk> www.washingtonexaminer.com/news/@@,X,https<unk> www.washingtonexaminer.com/news/@@_X
39,2011-09-12,campaign@@,campaign@@,NOUN,campaign@@_NOUN
39,2011-09-12,s/@@,s/@@,X,s/@@_X
39,2011-09-12,presid@@,presid@@,NOUN,presid@@_NOUN
39,2011-09-12,ential/@@,ential/@@,X,ential/@@_X
39,2011-09-12,31434@@,31434@@,NUM,31434@@_NUM
39,2011-09-12,16/@@,16/@@,X,16/@@_X
39,2011-09-12,trump@@,trump@@,PROPN,trump@@_PROPN
39,2011-09-12,-@@,-@@,X,-@@_X
39,2011-09-12,play@@,play@@,VERB,play@@_VERB
39,2011-09-12,ing-@@,ing-@@,X,ing-@@_X
39,2011-09-12,offen@@,offen@@,NOUN,offen@@_NOUN
39,2011-09-12,se-@@,se-@@,X,se-@@_X
39,2011-09-12,democr@@,democr@@,PROPN,democr@@_PROPN
39,2011-09-12,at@@,at@@,NOUN,at@@_NOUN
39,2011-09-12,s-@@,s-@@,X,s-@@_X
39,2011-09-12,on-@@,on-@@,ADP,on-@@_ADP
39,2011-09-12,defen@@,defen@@,NOUN,defen@@_NOUN
39,2011-09-12,se-whatley@@,se-whatley@@,X,se-whatley@@_X
39,2011-09-12,/,/,PUNCT,/_PUNCT
40,2019-11-13,RT @Ivank@@,RT @Ivank@@,X,RT @Ivank@@_X
40,2019-11-13,aTrump@@,aTrump@@,PROPN,aTrump@@_PROPN
40,2019-11-13,:,:,PUNCT,:_PUNCT
40,2019-11-13,It,It,PRON,It_PRON
40,2019-11-13,is,is,AUX,is_AUX
40,2019-11-13,an,an,DET,an_DET
40,2019-11-13,honor,honor,NOUN,honor_NOUN
40,2019-11-13,to,to,PART,to_PART
40,2019-11-13,serve,serve,VERB,serve_VERB
40,2019-11-13,our,our,PRON,our_PRON
40,2019-11-13,great,great,ADJ,great_ADJ
40,2019-11-13,Country,Country,NOUN,Country_NOUN
40,2019-11-13,and,and,CCONJ,and_CCONJ
40,2019-11-13,fight,fight,VERB,fight_VERB
40,2019-11-13,for,for,ADP,for_ADP
40,2019-11-13,America@@,America@@,PROPN,America@@_PROPN
40,2019-11-13,<unk> s,<unk> s,PART,<unk> s_PART
40,2019-11-13,workers@@,workers@@,NOUN,workers@@_NOUN
40,2019-11-13,!,!,PUNCT,!_PUNCT
40,2019-11-13,<unk> <unk>,<unk> <unk>,SYM,<unk> <unk>_SYM
40,2019-11-13,https<unk> t.co/ZAhfkqDII8,https<unk> t.co/ZAhfkqDII8,X,https<unk> t.co/ZAhfkqDII8_X
41,2013-06-28,Situated,Situated,VERB,Situated_VERB
41,2013-06-28,in,in,ADP,in_ADP
41,2013-06-28,the,the,DET,the_DET
41,2013-06-28,heart,heart,NOUN,heart_NOUN
41,2013-06-28,of,of,ADP,of_ADP
41,2013-06-28,downtown,downtown,NOUN,downtown_NOUN
41,2013-06-28,Toronto@@,Toronto@@,PROPN,Toronto@@_PROPN
41,2013-06-28,",",",",PUNCT,",_PUNCT"
41,2013-06-28,the,the,DET,the_DET
41,2013-06-28,65,65,NUM,65_NUM
41,2013-06-28,story,story,NOUN,story_NOUN
41,2013-06-28,@TrumpTO,@TrumpTO,PROPN,@TrumpTO_PROPN
41,2013-06-28,offers,offers,VERB,offers_VERB
41,2013-06-28,an,an,DET,an_DET
41,2013-06-28,elegant,elegant,ADJ,elegant_ADJ
41,2013-06-28,and,and,CCONJ,and_CCONJ
41,2013-06-28,wonderful,wonderful,ADJ,wonderful_ADJ
41,2013-06-28,lifestyle,lifestyle,NOUN,lifestyle_NOUN
41,2013-06-28,http://t.co/1u2PNTPMCZ,http://t.co/1u2PNTPMCZ,X,http://t.co/1u2PNTPMCZ_X
42,2011-09-05,RT @realDonald@@,RT @realDonald@@,X,RT @realDonald@@_X
42,2011-09-05,Trump@@,Trump@@,PROPN,Trump@@_PROPN
42,2011-09-05,Using,Using,VERB,Using_VERB
42,2011-09-05,Impoundment,Impoundment,NOUN,Impoundment_NOUN
42,2011-09-05,to,to,PART,to_PART
42,2011-09-05,Slash,Slash,VERB,Slash_VERB
42,2011-09-05,Waste@@,Waste@@,NOUN,Waste@@_NOUN
42,2011-09-05,",",",",PUNCT,",_PUNCT"
42,2011-09-05,Stop,Stop,VERB,Stop_VERB
42,2011-09-05,Inflation@@,Inflation@@,NOUN,Inflation@@_NOUN
42,2011-09-05,",",",",PUNCT,",_PUNCT"
42,2011-09-05,and,and,CCONJ,and_CCONJ
42,2011-09-05,Crush,Crush,VERB,Crush_VERB
42,2011-09-05,the,the,DET,the_DET
42,2011-09-05,Deep,Deep,ADJ,Deep_ADJ
42,2011-09-05,State@@,State@@,NOUN,State@@_NOUN
42,2011-09-05,!,!,PUNCT,!_PUNCT
42,2011-09-05,#AGENDA47,#AGENDA47,X,#AGENDA47_X
43,2011-09-05,RT @gatewaypundit@@,RT @gatewaypundit@@,X,RT @gatewaypundit@@_X
43,2011-09-05,ANOTHER,ANOTHER,DET,ANOTHER_DET
43,2011-09-05,BO@@,BO@@,ADJ,BO@@_ADJ
43,2011-09-05,G@@,G@@,NOUN,G@@_NOUN
43,2011-09-05,US,US,ADJ,US_ADJ
43,2011-09-05,ATTACK@@,ATTACK@@,NOUN,ATTACK@@_NOUN
43,2011-09-05,:,:,PUNCT,:_PUNCT
43,2011-09-05,DC,DC,PROPN,DC_PROPN
43,2011-09-05,Court,Court,NOUN,Court_NOUN
43,2011-09-05,Already,Already,ADV,Already_ADV
43,2011-09-05,Ruled,Ruled,VERB,Ruled_VERB
43,2011-09-05,in,in,ADP,in_ADP
43,2011-09-05,2012,2012,NUM,2012_NUM
43,2011-09-05,Case,Case,NOUN,Case_NOUN
43,2011-09-05,on,on,ADP,on_ADP
43,2011-09-05,Trump@@,Trump@@,PROPN,Trump@@_PROPN
43,2011-09-05,<unk> s,<unk> s,PART,<unk> s_PART
43,2011-09-05,Right,Right,NOUN,Right_NOUN
43,2011-09-05,to,to,PART,to_PART
43,2011-09-05,Hold,Hold,VERB,Hold_VERB
43,2011-09-05,White,White,ADJ,White_ADJ
43,2011-09-05,House,House,PROPN,House_PROPN
43,2011-09-05,Documents,Documents,NOUN,Documents_NOUN
43,2011-09-05,–,–,PUNCT,–_PUNCT
43,2011-09-05,In,In,ADP,In_ADP
43,2011-09-05,their,their,PRON,their_PRON
43,2011-09-05,Ruling,Ruling,NOUN,Ruling_NOUN
43,2011-09-05,on,on,ADP,on_ADP
43,2011-09-05,Bill Clinton@@,Bill Clinton@@,PROPN,Bill Clinton@@_PROPN
43,2011-09-05,<unk> s,<unk> s,PART,<unk> s_PART
43,2011-09-05,Right,Right,NOUN,Right_NOUN
43,2011-09-05,to,to,PART,to_PART
43,2011-09-05,Hold,Hold,VERB,Hold_VERB
43,2011-09-05,Secret,Secret,ADJ,Secret_ADJ
43,2011-09-05,Tapes,Tapes,NOUN,Tapes_NOUN
43,2011-09-05,in,in,ADP,in_ADP
43,2011-09-05,His,His,PRON,His_PRON
43,2011-09-05,Sock Drawer,Sock Drawer,NOUN,Sock Drawer_NOUN
43,2011-09-05,https<unk> www.thegatewaypundit.com/2023/06/@@,https<unk> www.thegatewaypundit.com/2023/06/@@,X,https<unk> www.thegatewaypundit.com/2023/06/@@_X
43,2011-09-05,another@@,another@@,DET,another@@_DET
43,2011-09-05,-@@,-@@,X,-@@_X
43,2011-09-05,bogus@@,bogus@@,ADJ,bogus@@_ADJ
43,2011-09-05,-@@,-@@,X,-@@_X
43,2011-09-05,attack@@,attack@@,NOUN,attack@@_NOUN
43,2011-09-05,-@@,-@@,X,-@@_X
43,2011-09-05,dc@@,dc@@,PROPN,dc@@_PROPN
43,2011-09-05,-@@,-@@,X,-@@_X
43,2011-09-05,cour@@,cour@@,NOUN,cour@@_NOUN
43,2011-09-05,t-@@,t-@@,X,t-@@_X
43,2011-09-05,already@@,already@@,ADV,already@@_ADV
43,2011-09-05,-@@,-@@,X,-@@_X
43,2011-09-05,rule@@,rule@@,VERB,rule@@_VERB
43,2011-09-05,d-2012/?utm_@@,d-2012/?utm_@@,X,d-2012/?utm_@@_X
43,2011-09-05,source@@,source@@,NOUN,source@@_NOUN
43,2011-09-05,=@@,=@@,X,=@@_X
43,2011-09-05,r@@,r@@,NOUN,r@@_NOUN
43,2011-09-05,ss&amp;utm_medium=rss&amp;utm_@@,ss&amp;utm_medium=rss&amp;utm_@@,X,ss&amp;utm_medium=rss&amp;utm_@@_X
43,2011-09-05,campa@@,campa@@,NOUN,campa@@_NOUN
43,2011-09-05,ign=@@,ign=@@,X,ign=@@_X
43,2011-09-05,another@@,another@@,DET,another@@_DET
43,2011-09-05,-@@,-@@,X,-@@_X
43,2011-09-05,bogus@@,bogus@@,ADJ,bogus@@_ADJ
43,2011-09-05,-@@,-@@,X,-@@_X
43,2011-09-05,attack@@,attack@@,NOUN,attack@@_NOUN
43,2011-09-05,-@@,-@@,X,-@@_X
43,2011-09-05,dc@@,dc@@,PROPN,dc@@_PROPN
43,2011-09-05,-@@,-@@,X,-@@_X
43,2011-09-05,cour@@,cour@@,NOUN,cour@@_NOUN
43,2011-09-05,t-@@,t-@@,X,t-@@_X
43,2011-09-05,already@@,already@@,ADV,already@@_ADV
43,2011-09-05,-@@,-@@,X,-@@_X
43,2011-09-05,ru@@,ru@@,NOUN,ru@@_NOUN
43,2011-09-05,le@@,le@@,VERB,le@@_VERB
43,2011-09-05,d-@@,d-@@,X,d-@@_X
44,2020-06-14,Thank,Thank,VERB,Thank_VERB
44,2020-06-14,you,you,PRON,you_PRON
44,2020-06-14,Philip@@,Philip@@,PROPN,Philip@@_PROPN
44,2020-06-14,!,!,PUNCT,!_PUNCT
44,2020-06-14,https<unk> t.co/jGspqbtSgL,https<unk> t.co/jGspqbtSgL,X,https<unk> t.co/jGspqbtSgL_X
45,2014-05-02,With,With,SCONJ,With_SCONJ
45,2014-05-02,@VanityFair,@VanityFair,PROPN,@VanityFair_PROPN
45,2014-05-02,circulation,circulation,NOUN,circulation_NOUN
45,2014-05-02,and,and,CCONJ,and_CCONJ
45,2014-05-02,advertising revenue,advertising revenue,NOUN,advertising revenue_NOUN
45,2014-05-02,doing,doing,VERB,doing_VERB
45,2014-05-02,so badly@@,so badly@@,ADV,so badly@@_ADV
45,2014-05-02,",",",",PUNCT,",_PUNCT"
45,2014-05-02,rumor,rumor,NOUN,rumor_NOUN
45,2014-05-02,has,has,VERB,has_VERB
45,2014-05-02,it,it,PRON,it_PRON
45,2014-05-02,that,that,SCONJ,that_SCONJ
45,2014-05-02,dopey,dopey,ADJ,dopey_ADJ
45,2014-05-02,Graydon Carter,Graydon Carter,PROPN,Graydon Carter_PROPN
45,2014-05-02,is,is,AUX,is_AUX
45,2014-05-02,going,going,VERB,going_VERB
45,2014-05-02,to,to,PART,to_PART
45,2014-05-02,resign@@,resign@@,VERB,resign@@_VERB
45,2014-05-02,?,?,PUNCT,?_PUNCT
45,2014-05-02,He,He,PRON,He_PRON
45,2014-05-02,should@@,should@@,VERB,should@@_VERB
45,2014-05-02,.,.,PUNCT,._PUNCT
46,2014-07-22,Thanks,Thanks,NOUN,Thanks_NOUN
46,2014-07-22,@LilJon,@LilJon,PROPN,@LilJon_PROPN
46,2014-07-22,for,for,SCONJ,for_SCONJ
46,2014-07-22,coming,coming,VERB,coming_VERB
46,2014-07-22,to,to,ADP,to_ADP
46,2014-07-22,my,my,PRON,my_PRON
46,2014-07-22,defense,defense,NOUN,defense_NOUN
46,2014-07-22,in,in,ADP,in_ADP
46,2014-07-22,Rolling,Rolling,VERB,Rolling_VERB
46,2014-07-22,Stone Maga@@,Stone Maga@@,PROPN,Stone Maga@@_PROPN
46,2014-07-22,zine@@,zine@@,NOUN,zine@@_NOUN
46,2014-07-22,.,.,PUNCT,._PUNCT
46,2014-07-22,As,As,SCONJ,As_SCONJ
46,2014-07-22,I,I,PRON,I_PRON
46,2014-07-22,have,have,AUX,have_AUX
46,2014-07-22,often,often,ADV,often_ADV
46,2014-07-22,said@@,said@@,VERB,said@@_VERB
46,2014-07-22,",",",",PUNCT,",_PUNCT"
46,2014-07-22,you,you,PRON,you_PRON
46,2014-07-22,are,are,AUX,are_AUX
46,2014-07-22,a,a,DET,a_DET
46,2014-07-22,terrific,terrific,ADJ,terrific_ADJ
46,2014-07-22,guy@@,guy@@,NOUN,guy@@_NOUN
46,2014-07-22,!,!,PUNCT,!_PUNCT
47,2020-05-02,RT @ScottAdamsSays:,RT @ScottAdamsSays:,X,RT @ScottAdamsSays:_X
47,2020-05-02,Poll,Poll,NOUN,Poll_NOUN
47,2020-05-02,for,for,ADP,for_ADP
47,2020-05-02,Democrats,Democrats,PROPN,Democrats_PROPN
47,2020-05-02,only@@,only@@,ADV,only@@_ADV
47,2020-05-02,.,.,PUNCT,._PUNCT
47,2020-05-02,Are,Are,AUX,Are_AUX
47,2020-05-02,you,you,PRON,you_PRON
47,2020-05-02,aware,aware,ADJ,aware_ADJ
47,2020-05-02,that,that,SCONJ,that_SCONJ
47,2020-05-02,most,most,ADJ,most_ADJ
47,2020-05-02,of,of,ADP,of_ADP
47,2020-05-02,the,the,DET,the_DET
47,2020-05-02,political,political,ADJ,political_ADJ
47,2020-05-02,news,news,NOUN,news_NOUN
47,2020-05-02,you,you,PRON,you_PRON
47,2020-05-02,consume,consume,VERB,consume_VERB
47,2020-05-02,is,is,AUX,is_AUX
47,2020-05-02,either,either,CCONJ,either_CCONJ
47,2020-05-02,misleading,misleading,ADJ,misleading_ADJ
47,2020-05-02,and,and,CCONJ,and_CCONJ
47,2020-05-02,out of,out of,ADP,out of_ADP
47,2020-05-02,cont@@,cont@@,X,cont@@_X
47,2020-05-02,…,…,PUNCT,…_PUNCT
48,2014-10-17,I,I,PRON,I_PRON
48,2014-10-17,love seeing,love seeing,VERB,love seeing_VERB
48,2014-10-17,that,that,SCONJ,that_SCONJ
48,2014-10-17,Graydon Carter,Graydon Carter,PROPN,Graydon Carter_PROPN
48,2014-10-17,and,and,CCONJ,and_CCONJ
48,2014-10-17,@VanityFair,@VanityFair,PROPN,@VanityFair_PROPN
48,2014-10-17,are,are,AUX,are_AUX
48,2014-10-17,failing,failing,VERB,failing_VERB
48,2014-10-17,so badly@@,so badly@@,ADV,so badly@@_ADV
48,2014-10-17,.,.,PUNCT,._PUNCT
48,2014-10-17,He@@,He@@,PRON,He@@_PRON
48,2014-10-17,<unk> s,<unk> s,AUX,<unk> s_AUX
48,2014-10-17,only,only,ADV,only_ADV
48,2014-10-17,focused,focused,VERB,focused_VERB
48,2014-10-17,on,on,ADP,on_ADP
48,2014-10-17,his,his,PRON,his_PRON
48,2014-10-17,bad,bad,ADJ,bad_ADJ
48,2014-10-17,food restaurant@@,food restaurant@@,NOUN,food restaurant@@_NOUN
48,2014-10-17,s.,s.,PUNCT,s._PUNCT
49,2025-03-01,The,The,DET,The_DET
49,2025-03-01,month,month,NOUN,month_NOUN
49,2025-03-01,of,of,ADP,of_ADP
49,2025-03-01,Febru@@,Febru@@,PROPN,Febru@@_PROPN
49,2025-03-01,ary@@,ary@@,NOUN,ary@@_NOUN
49,2025-03-01,",",",",PUNCT,",_PUNCT"
49,2025-03-01,my,my,PRON,my_PRON
49,2025-03-01,first full,first full,ADJ,first full_ADJ
49,2025-03-01,month,month,NOUN,month_NOUN
49,2025-03-01,in,in,ADP,in_ADP
49,2025-03-01,Offic@@,Offic@@,NOUN,Offic@@_NOUN
49,2025-03-01,"e,","e,",PUNCT,"e,_PUNCT"
49,2025-03-01,had,had,VERB,had_VERB
49,2025-03-01,the,the,DET,the_DET
49,2025-03-01,LOWEST,LOWEST,ADJ,LOWEST_ADJ
49,2025-03-01,number,number,NOUN,number_NOUN
49,2025-03-01,of,of,ADP,of_ADP
49,2025-03-01,Illegal,Illegal,ADJ,Illegal_ADJ
49,2025-03-01,Immigrants,Immigrants,NOUN,Immigrants_NOUN
49,2025-03-01,trying,trying,VERB,trying_VERB
49,2025-03-01,to,to,PART,to_PART
49,2025-03-01,enter,enter,VERB,enter_VERB
49,2025-03-01,our,our,PRON,our_PRON
49,2025-03-01,Country,Country,NOUN,Country_NOUN
49,2025-03-01,in,in,ADP,in_ADP
49,2025-03-01,History,History,NOUN,History_NOUN
49,2025-03-01,–,–,PUNCT,–_PUNCT
49,2025-03-01,BY,BY,ADP,BY_ADP
49,2025-03-01,FAR@@,FAR@@,X,FAR@@_X
49,2025-03-01,!,!,PUNCT,!_PUNCT
49,2025-03-01,There,There,PRON,There_PRON
49,2025-03-01,were,were,VERB,were_VERB
49,2025-03-01,only,only,ADV,only_ADV
49,2025-03-01,"8,326","8,326",NUM,"8,326_NUM"
49,2025-03-01,apprehensions,apprehensions,NOUN,apprehensions_NOUN
49,2025-03-01,of,of,ADP,of_ADP
49,2025-03-01,Illegals,Illegals,NOUN,Illegals_NOUN
49,2025-03-01,by,by,ADP,by_ADP
49,2025-03-01,Border Patrol,Border Patrol,PROPN,Border Patrol_PROPN
49,2025-03-01,at,at,ADP,at_ADP
49,2025-03-01,the,the,DET,the_DET
49,2025-03-01,U.S.,U.S.,PROPN,U.S._PROPN
49,2025-03-01,-,-,PUNCT,-_PUNCT
49,2025-03-01,Mexico Border@@,Mexico Border@@,PROPN,Mexico Border@@_PROPN
49,2025-03-01,",",",",PUNCT,",_PUNCT"
49,2025-03-01,all,all,DET,all_DET
49,2025-03-01,of,of,ADP,of_ADP
49,2025-03-01,whom,whom,PRON,whom_PRON
49,2025-03-01,were,were,AUX,were_AUX
49,2025-03-01,quickly,quickly,ADV,quickly_ADV
49,2025-03-01,ejected,ejected,VERB,ejected_VERB
49,2025-03-01,from,from,ADP,from_ADP
49,2025-03-01,our,our,PRON,our_PRON
49,2025-03-01,Nation,Nation,NOUN,Nation_NOUN
49,2025-03-01,or@@,or@@,CCONJ,or@@_CCONJ
49,2025-03-01,",",",",PUNCT,",_PUNCT"
49,2025-03-01,when,when,SCONJ,when_SCONJ
49,2025-03-01,necessary@@,necessary@@,ADJ,necessary@@_ADJ
49,2025-03-01,",",",",PUNCT,",_PUNCT"
49,2025-03-01,prosecuted,prosecuted,VERB,prosecuted_VERB
49,2025-03-01,for,for,ADP,for_ADP
49,2025-03-01,crimes,crimes,NOUN,crimes_NOUN
49,2025-03-01,against,against,ADP,against_ADP
49,2025-03-01,the,the,DET,the_DET
49,2025-03-01,United,United,ADJ,United_ADJ
49,2025-03-01,States,States,PROPN,States_PROPN
49,2025-03-01,of,of,ADP,of_ADP
49,2025-03-01,America@@,America@@,PROPN,America@@_PROPN
49,2025-03-01,.,.,PUNCT,._PUNCT
49,2025-03-01,This,This,PRON,This_PRON
49,2025-03-01,means,means,VERB,means_VERB
49,2025-03-01,that,that,SCONJ,that_SCONJ
49,2025-03-01,very,very,ADV,very_ADV
49,2025-03-01,few,few,ADJ,few_ADJ
49,2025-03-01,people,people,NOUN,people_NOUN
49,2025-03-01,came,came,VERB,came_VERB
49,2025-03-01,–,–,PUNCT,–_PUNCT
49,2025-03-01,The,The,DET,The_DET
49,2025-03-01,Invasion,Invasion,NOUN,Invasion_NOUN
49,2025-03-01,of,of,ADP,of_ADP
49,2025-03-01,our,our,PRON,our_PRON
49,2025-03-01,Country,Country,NOUN,Country_NOUN
49,2025-03-01,is,is,AUX,is_AUX
49,2025-03-01,OVER@@,OVER@@,ADJ,OVER@@_ADJ
49,2025-03-01,.,.,PUNCT,._PUNCT
49,2025-03-01,In,In,ADP,In_ADP
49,2025-03-01,comparison@@,comparison@@,NOUN,comparison@@_NOUN
49,2025-03-01,",",",",PUNCT,",_PUNCT"
49,2025-03-01,under,under,ADP,under_ADP
49,2025-03-01,Joe Biden@@,Joe Biden@@,PROPN,Joe Biden@@_PROPN
49,2025-03-01,",",",",PUNCT,",_PUNCT"
49,2025-03-01,there,there,PRON,there_PRON
49,2025-03-01,were,were,VERB,were_VERB
49,2025-03-01,"300,000","300,000",NUM,"300,000_NUM"
49,2025-03-01,Illegals,Illegals,NOUN,Illegals_NOUN
49,2025-03-01,crossing,crossing,VERB,crossing_VERB
49,2025-03-01,in,in,ADP,in_ADP
49,2025-03-01,one,one,NUM,one_NUM
49,2025-03-01,month@@,month@@,NOUN,month@@_NOUN
49,2025-03-01,",",",",PUNCT,",_PUNCT"
49,2025-03-01,and,and,CCONJ,and_CCONJ
49,2025-03-01,virtually,virtually,ADV,virtually_ADV
49,2025-03-01,ALL,ALL,DET,ALL_DET
49,2025-03-01,of,of,ADP,of_ADP
49,2025-03-01,them,them,PRON,them_PRON
49,2025-03-01,were,were,AUX,were_AUX
49,2025-03-01,released,released,VERB,released_VERB
49,2025-03-01,into,into,ADP,into_ADP
49,2025-03-01,our,our,PRON,our_PRON
49,2025-03-01,Country@@,Country@@,NOUN,Country@@_NOUN
49,2025-03-01,.,.,PUNCT,._PUNCT
49,2025-03-01,Thanks,Thanks,NOUN,Thanks_NOUN
49,2025-03-01,to,to,ADP,to_ADP
49,2025-03-01,the,the,DET,the_DET
49,2025-03-01,Trump,Trump,PROPN,Trump_PROPN
