post_id,word,lemma,pos,lemma_p
1,Reminder:,reminder:,VERB,reminder:_VERB
1,The,the,DET,the_DET
1,Miss,Miss,PROPN,Miss_PROPN
1,Universe,Universe,PROPN,Universe_PROPN
1,competition,competition,NOUN,competition_NOUN
1,will,will,AUX,will_AUX
1,be,be,AUX,be_AUX
1,LIVE,live,VERB,live_VERB
1,from,from,ADP,from_ADP
1,the,the,DET,the_DET
1,Bahamas,Bahamas,PROPN,Bahamas_PROPN
1,-,-,PUNCT,-_PUNCT
1,Tonight,tonight,NOUN,tonight_NOUN
1,@,@,NUM,@_NUM
1,9pm,9pm,NOUN,9pm_NOUN
1,(EST),(est),X,(est)_X
1,on,on,ADP,on_ADP
1,NBC:,NBC:,PROPN,NBC:_PROPN
1,http://tinyurl.com,http://tinyurl.com,PROPN,http://tinyurl.com_PROPN
1,/,/,SYM,/_SYM
1,mrzad9,mrzad9,PROPN,mrzad9_PROPN
2,@Timc1021,@timc1021,X,@timc1021_X
2,Thanks!,thanks!,INTJ,thanks!_INTJ
3,"""""@_KatherineWebb:","""""@_KatherineWebb:",PUNCT,"""""@_KatherineWebb:_PUNCT"
3,Looking,look,VERB,look_VERB
3,forward,forward,ADV,forward_ADV
3,to,to,ADP,to_ADP
3,#MissUSA,#MissUSA,PROPN,#MissUSA_PROPN
3,this,this,DET,this_DET
3,weekend,weekend,NOUN,weekend_NOUN
3,in,in,ADP,in_ADP
3,"Vegas!""""","Vegas!""""",PROPN,"Vegas!""""_PROPN"
3, , ,SPACE, _SPACE
3,Great,great,ADJ,great_ADJ
3,to,to,PART,to_PART
3,have,have,VERB,have_VERB
3,our,our,PRON,our_PRON
3,former,former,ADJ,former_ADJ
3,.,.,PUNCT,._PUNCT
3,Miss,Miss,PROPN,Miss_PROPN
3,Alabama!,Alabama!,PROPN,Alabama!_PROPN
4,Addressing,address,VERB,address_VERB
4, , ,SPACE, _SPACE
4,the,the,DET,the_DET
4,Rise,rise,NOUN,rise_NOUN
4,of,of,ADP,of_ADP
4,Chronic,Chronic,PROPN,Chronic_PROPN
4,Childhood,Childhood,PROPN,Childhood_PROPN
4,Illnesses.,Illnesses.,PROPN,Illnesses._PROPN
4,#AGENDA47,#AGENDA47,NOUN,#AGENDA47_NOUN
5,RT,RT,PROPN,RT_PROPN
5,@darhar981:,@darhar981:,PROPN,@darhar981:_PROPN
5,Attorney,Attorney,PROPN,Attorney_PROPN
5,General,General,PROPN,General_PROPN
5,Barr‚Äôs,Barr‚Äôs,PROPN,Barr‚Äôs_PROPN
5,Office,Office,PROPN,Office_PROPN
5,Shreds,shred,VERB,shred_VERB
5,NBC‚Äôs,nbc‚Äôs,PRON,nbc‚Äôs_PRON
5,Chuck,Chuck,PROPN,Chuck_PROPN
5,Todd,Todd,PROPN,Todd_PROPN
5,For,for,ADP,for_ADP
5,‚ÄòDeceptive,‚Äòdeceptive,PRON,‚Äòdeceptive_PRON
5,Editing‚Äô,editing‚Äô,NOUN,editing‚Äô_NOUN
5,Of,of,ADP,of_ADP
5,Barr‚Äôs,Barr‚Äôs,PROPN,Barr‚Äôs_PROPN
5,Comments,comment,NOUN,comment_NOUN
5,"
","
",SPACE,"
_SPACE"
5,On,on,ADP,on_ADP
5,‚ÄúMeet,‚Äúmeet,NOUN,‚Äúmeet_NOUN
5,The,the,DET,the_DET
5,"Press,‚Äù","Press,‚Äù",NOUN,"Press,‚Äù_NOUN"
5,Todd,Todd,PROPN,Todd_PROPN
5,‚Ä¶,‚Ä¶,PUNCT,‚Ä¶_PUNCT
6,RT,RT,PROPN,RT_PROPN
6, , ,SPACE, _SPACE
6,@MagaGlam,@magaglam,SYM,@magaglam_SYM
6,üá∫,üá∫,X,üá∫_X
6,üá∏,üá∏,NOUN,üá∏_NOUN
6,‚ô•,‚ô•,PROPN,‚ô•_PROPN
6,Ô∏è,Ô∏è,X,Ô∏è_X
6,Bring,bring,VERB,bring_VERB
6,Back,back,ADP,back_ADP
6, , ,SPACE, _SPACE
6,Trump,Trump,PROPN,Trump_PROPN
6, , ,SPACE, _SPACE
6,üíô,üíô,PROPN,üíô_PROPN
6,üá∫,üá∫,NOUN,üá∫_NOUN
6,üá∏,üá∏,X,üá∏_X
8,The,the,DET,the_DET
8,CBP,CBP,PROPN,CBP_PROPN
8,Home,Home,PROPN,Home_PROPN
8,App,App,PROPN,App_PROPN
8,is,be,AUX,be_AUX
8,now,now,ADV,now_ADV
8,available,available,ADJ,available_ADJ
8,across,across,ADP,across_ADP
8,all,all,DET,all_DET
8,mobile,mobile,ADJ,mobile_ADJ
8,App,App,PROPN,App_PROPN
8,Stores!,stores!,NOUN,stores!_NOUN
9,Congratulations,congratulation,NOUN,congratulation_NOUN
9,to,to,ADP,to_ADP
9,Mariano,Mariano,PROPN,Mariano_PROPN
9,Rivera,Rivera,PROPN,Rivera_PROPN
9,on,on,ADP,on_ADP
9,unanimously,unanimously,ADV,unanimously_ADV
9,being,be,AUX,be_AUX
9,elected,elect,VERB,elect_VERB
9,to,to,ADP,to_ADP
9,the,the,DET,the_DET
9,National,National,PROPN,National_PROPN
9,Baseball,Baseball,PROPN,Baseball_PROPN
9,Hall,Hall,PROPN,Hall_PROPN
9,of,of,ADP,of_ADP
9,Fame!,Fame!,PROPN,Fame!_PROPN
9,Not,not,PART,not_PART
9,only,only,ADV,only_ADV
9,a,a,DET,a_DET
9,great,great,ADJ,great_ADJ
9,player,player,NOUN,player_NOUN
9,but,but,CCONJ,but_CCONJ
9,a,a,DET,a_DET
9,great,great,ADJ,great_ADJ
9,person.,person.,NOUN,person._NOUN
9,I,I,PRON,I_PRON
9,am,be,AUX,be_AUX
9,thankful,thankful,ADJ,thankful_ADJ
9,for,for,ADP,for_ADP
9,Mariano‚Äôs,mariano‚Äôs,NOUN,mariano‚Äôs_NOUN
9,support,support,NOUN,support_NOUN
9,of,of,ADP,of_ADP
9,the,the,DET,the_DET
9,Opioid,Opioid,PROPN,Opioid_PROPN
9,Drug,Drug,PROPN,Drug_PROPN
9,Abuse,Abuse,PROPN,Abuse_PROPN
9,Commission,Commission,PROPN,Commission_PROPN
9,and,and,CCONJ,and_CCONJ
9,@FitnessGov.,@fitnessgov.,NOUN,@fitnessgov._NOUN
9,#EnterSandman,#EnterSandman,PROPN,#EnterSandman_PROPN
9,#HOF2019,#HOF2019,PROPN,#HOF2019_PROPN
9,üíØ,üíØ,PROPN,üíØ_PROPN
9,https://t.co,https://t.co,PROPN,https://t.co_PROPN
9,/,/,SYM,/_SYM
9,reU1gKWHSQ,reu1gkwhsq,NOUN,reu1gkwhsq_NOUN
10,My,my,PRON,my_PRON
10,recent,recent,ADJ,recent_ADJ
10,statement,statement,NOUN,statement_NOUN
10,re:,re:,NUM,re:_NUM
10,@macys,@macys,PROPN,@macys_PROPN
10,--,--,PUNCT,--_PUNCT
10,We,we,PRON,we_PRON
10,must,must,AUX,must_AUX
10,have,have,VERB,have_VERB
10,strong,strong,ADJ,strong_ADJ
10,borders,border,NOUN,border_NOUN
10,"&amp,","&amp,",ADJ,"&amp,_ADJ"
10,stop,stop,VERB,stop_VERB
10,illegal,illegal,ADJ,illegal_ADJ
10,immigration,immigration,NOUN,immigration_NOUN
10,now!,now!,PROPN,now!_PROPN
10,...,...,PUNCT,..._PUNCT
10,https://t.co,https://t.co,PROPN,https://t.co_PROPN
10,/,/,SYM,/_SYM
10,HLCboRmTbl,HLCboRmTbl,PROPN,HLCboRmTbl_PROPN
11,ICYMI-,ICYMI-,PROPN,ICYMI-_PROPN
11,This,this,DET,this_DET
11,week,week,NOUN,week_NOUN
11,we,we,PRON,we_PRON
11,hosted,host,VERB,host_VERB
11,a,a,DET,a_DET
11,#MadeInAmerica,#MadeInAmerica,PROPN,#MadeInAmerica_PROPN
11,"event,","event,",NOUN,"event,_NOUN"
11,right,right,ADV,right_ADV
11,here,here,ADV,here_ADV
11,at,at,ADP,at_ADP
11,the,the,DET,the_DET
11,@WhiteHouse!,@WhiteHouse!,PROPN,@WhiteHouse!_PROPN
11,If,if,SCONJ,if_SCONJ
11,it,it,PRON,it_PRON
11,is,be,AUX,be_AUX
11,MADE,make,VERB,make_VERB
11,IN,in,ADP,in_ADP
11,"AMERICA,","america,",NOUN,"america,_NOUN"
11,it,it,PRON,it_PRON
11,is,be,AUX,be_AUX
11,the,the,DET,the_DET
11,BEST!,best!,SYM,best!_SYM
11,USA,USA,PROPN,USA_PROPN
11,üá∫,üá∫,X,üá∫_X
11,üá∏,üá∏,X,üá∏_X
11,https://t.co,https://t.co,PROPN,https://t.co_PROPN
11,/,/,SYM,/_SYM
11,q4vB9GdE5y,q4vB9GdE5y,PUNCT,q4vB9GdE5y_PUNCT
12,https://www.mediaite.com,https://www.mediaite.com,PROPN,https://www.mediaite.com_PROPN
12,/,/,SYM,/_SYM
12,tv,tv,NOUN,tv_NOUN
12,/,/,SYM,/_SYM
12,trump,trump,NOUN,trump_NOUN
12,-,-,PUNCT,-_PUNCT
12,team,team,NOUN,team_NOUN
12,-,-,PUNCT,-_PUNCT
12,scored,score,VERB,score_VERB
12,-,-,PUNCT,-_PUNCT
12,big,big,ADJ,big_ADJ
12,-,-,PUNCT,-_PUNCT
12,win,win,NOUN,win_NOUN
12,-,-,PUNCT,-_PUNCT
12,with,with,ADP,with_ADP
12,-,-,PUNCT,-_PUNCT
12,potentially,potentially,ADV,potentially_ADV
12,-,-,PUNCT,-_PUNCT
12,explosive,explosive,ADJ,explosive_ADJ
12,-,-,PUNCT,-_PUNCT
12,ruling,rule,VERB,rule_VERB
12,-,-,PUNCT,-_PUNCT
12,on,on,ADP,on_ADP
12,-,-,PUNCT,-_PUNCT
12,special,special,ADJ,special_ADJ
12,-,-,PUNCT,-_PUNCT
12,master,master,NOUN,master_NOUN
12,-,-,PUNCT,-_PUNCT
12,to,to,ADP,to_ADP
12,-,-,PUNCT,-_PUNCT
12,review,review,NOUN,review_NOUN
12,-,-,PUNCT,-_PUNCT
12,docs,docs,PROPN,docs_PROPN
12,-,-,PUNCT,-_PUNCT
12,taken,take,VERB,take_VERB
12,-,-,PUNCT,-_PUNCT
12,by,by,ADP,by_ADP
12,-,-,PUNCT,-_PUNCT
12,the,the,DET,the_DET
12,-,-,PUNCT,-_PUNCT
12,fbi,fbi,PROPN,fbi_PROPN
12,-,-,PUNCT,-_PUNCT
12,argues,argue,VERB,argue_VERB
12,-,-,PUNCT,-_PUNCT
12,andrew,andrew,PROPN,andrew_PROPN
12,-,-,PUNCT,-_PUNCT
12,mccarthy/,mccarthy/,NUM,mccarthy/_NUM
13,Thank,thank,VERB,thank_VERB
13,you,you,PRON,you_PRON
13,Governor,Governor,PROPN,Governor_PROPN
13,Phil,Phil,PROPN,Phil_PROPN
13,Bryant,Bryant,PROPN,Bryant_PROPN
13,-,-,PUNCT,-_PUNCT
13,it,it,PRON,it_PRON
13,was,be,AUX,be_AUX
13,my,my,PRON,my_PRON
13,great,great,ADJ,great_ADJ
13,honor,honor,NOUN,honor_NOUN
13,to,to,PART,to_PART
13,be,be,AUX,be_AUX
13,there!,there!,NOUN,there!_NOUN
13,#MAGA,#MAGA,PROPN,#MAGA_PROPN
13,https://t.co,https://t.co,PROPN,https://t.co_PROPN
13,/,/,SYM,/_SYM
13,UbY7Qu2fMt,UbY7Qu2fMt,PROPN,UbY7Qu2fMt_PROPN
14,Thank,thank,VERB,thank_VERB
14,you,you,PRON,you_PRON
14,to,to,ADP,to_ADP
14,Linda,Linda,PROPN,Linda_PROPN
14,Bean,Bean,PROPN,Bean_PROPN
14,of,of,ADP,of_ADP
14,L.L.Bean,L.L.Bean,PROPN,L.L.Bean_PROPN
14,for,for,ADP,for_ADP
14,your,your,PRON,your_PRON
14,great,great,ADJ,great_ADJ
14,support,support,NOUN,support_NOUN
14,and,and,CCONJ,and_CCONJ
14,courage.,courage.,VERB,courage._VERB
14,People,People,NOUN,People_NOUN
14,will,will,AUX,will_AUX
14,support,support,VERB,support_VERB
14,you,you,PRON,you_PRON
14,even,even,ADV,even_ADV
14,more,more,ADV,more_ADV
14,now.,now.,ADJ,now._ADJ
14,Buy,Buy,PROPN,Buy_PROPN
14,L.L.Bean.,L.L.Bean.,PROPN,L.L.Bean._PROPN
14,@LBPerfectMaine,@lbperfectmaine,NOUN,@lbperfectmaine_NOUN
15,"""""@HarmonBrew:","""""@harmonbrew:",NOUN,"""""@harmonbrew:_NOUN"
15,@FoxNews,@FoxNews,PROPN,@FoxNews_PROPN
15,@megynkelly,@megynkelly,ADV,@megynkelly_ADV
15, , ,SPACE, _SPACE
15,DonaldTrump,DonaldTrump,PROPN,DonaldTrump_PROPN
15,#KellyFile,#kellyfile,NOUN,#kellyfile_NOUN
15,Trump,trump,NOUN,trump_NOUN
15,is,be,AUX,be_AUX
15,so,so,ADV,so_ADV
15,right,right,ADJ,right_ADJ
15,about,about,ADP,about_ADP
15,Geller.,Geller.,PROPN,Geller._PROPN
15,"Megyn,","megyn,",NOUN,"megyn,_NOUN"
15,stop,stop,VERB,stop_VERB
15,advocating,advocate,VERB,advocate_VERB
15,for,for,ADP,for_ADP
15,"her,","her,",VERB,"her,_VERB"
15,its,its,PRON,its_PRON
15,a,a,DET,a_DET
15,loser,loser,NOUN,loser_NOUN
15,.,.,PUNCT,._PUNCT
15,"""""","""""",PUNCT,"""""_PUNCT"
16,We,we,PRON,we_PRON
16,now,now,ADV,now_ADV
16,have,have,VERB,have_VERB
16,complete,complete,ADJ,complete_ADJ
16,and,and,CCONJ,and_CCONJ
16,total,total,ADJ,total_ADJ
16,control,control,NOUN,control_NOUN
16,of,of,ADP,of_ADP
16,the,the,DET,the_DET
16,skies,sky,NOUN,sky_NOUN
16,over,over,ADP,over_ADP
16,Iran.,Iran.,PROPN,Iran._PROPN
16,Iran,Iran,PROPN,Iran_PROPN
16,had,have,VERB,have_VERB
16,good,good,ADJ,good_ADJ
16,sky,sky,NOUN,sky_NOUN
16,trackers,tracker,NOUN,tracker_NOUN
16,and,and,CCONJ,and_CCONJ
16,other,other,ADJ,other_ADJ
16,defensive,defensive,ADJ,defensive_ADJ
16,"equipment,","equipment,",NOUN,"equipment,_NOUN"
16,and,and,CCONJ,and_CCONJ
16,plenty,plenty,NOUN,plenty_NOUN
16,of,of,ADP,of_ADP
16,"it,","it,",PROPN,"it,_PROPN"
16,but,but,CCONJ,but_CCONJ
16,it,it,PRON,it_PRON
16,doesn‚Äôt,doesn‚Äôt,ADJ,doesn‚Äôt_ADJ
16,compare,compare,VERB,compare_VERB
16,to,to,ADP,to_ADP
16,American,American,PROPN,American_PROPN
16,"made,","made,",PROPN,"made,_PROPN"
16,"conceived,","conceived,",PROPN,"conceived,_PROPN"
16,and,and,CCONJ,and_CCONJ
16,manufactured,manufactured,ADJ,manufactured_ADJ
16,‚Äústuff,‚Äústuff,NOUN,‚Äústuff_NOUN
16,.,.,PUNCT,._PUNCT
16,‚Äù,"""",PUNCT,"""_PUNCT"
16,Nobody,nobody,PRON,nobody_PRON
16,does,do,VERB,do_VERB
16,it,it,PRON,it_PRON
16,better,well,ADJ,well_ADJ
16,than,than,ADP,than_ADP
16,the,the,DET,the_DET
16,good,good,ADJ,good_ADJ
16,ol‚Äô,ol‚Äô,NOUN,ol‚Äô_NOUN
16,USA.,usa.,ADV,usa._ADV
17,https://www.thegatewaypundit.com/2025/07,https://www.thegatewaypundit.com/2025/07,PROPN,https://www.thegatewaypundit.com/2025/07_PROPN
17,/,/,SYM,/_SYM
17,her,her,PROPN,her_PROPN
17,-,-,PUNCT,-_PUNCT
17,biggest,big,ADJ,big_ADJ
17,-,-,PUNCT,-_PUNCT
17,scandal,scandal,NOUN,scandal_NOUN
17,-,-,PUNCT,-_PUNCT
17,yet,yet,ADV,yet_ADV
17,-,-,PUNCT,-_PUNCT
17,iran,iran,PROPN,iran_PROPN
17,-,-,PUNCT,-_PUNCT
17,china,china,PROPN,china_PROPN
17,-,-,PUNCT,-_PUNCT
17,are,be,AUX,be_AUX
17,-,-,PUNCT,-_PUNCT
17,circumventing/,circumventing/,NUM,circumventing/_NUM
18,https://www.foxnews.com,https://www.foxnews.com,PROPN,https://www.foxnews.com_PROPN
18,/,/,SYM,/_SYM
18,politics,politic,NOUN,politic_NOUN
18,/,/,SYM,/_SYM
18,hunter,hunter,NOUN,hunter_NOUN
18,-,-,PUNCT,-_PUNCT
18,biden,biden,NOUN,biden_NOUN
18,-,-,PUNCT,-_PUNCT
18,received-250k,received-250k,PROPN,received-250k_PROPN
18,-,-,PUNCT,-_PUNCT
18,wire,wire,NOUN,wire_NOUN
18,-,-,PUNCT,-_PUNCT
18,from,from,ADP,from_ADP
18,-,-,PUNCT,-_PUNCT
18,beijing,beijing,NOUN,beijing_NOUN
18,-,-,PUNCT,-_PUNCT
18,with,with,ADP,with_ADP
18,-,-,PUNCT,-_PUNCT
18,beneficiary,beneficiary,NOUN,beneficiary_NOUN
18,-,-,PUNCT,-_PUNCT
18,address,address,NOUN,address_NOUN
18,-,-,PUNCT,-_PUNCT
18,listed,list,VERB,list_VERB
18,-,-,PUNCT,-_PUNCT
18,as,as,ADP,as_ADP
18,-,-,PUNCT,-_PUNCT
18,joe,joe,PROPN,joe_PROPN
18,-,-,PUNCT,-_PUNCT
18,biden,biden,NOUN,biden_NOUN
18,-,-,PUNCT,-_PUNCT
18,delaware,delaware,NOUN,delaware_NOUN
18,-,-,PUNCT,-_PUNCT
18,home,home,NOUN,home_NOUN
19,Via,Via,PROPN,Via_PROPN
19,@BreitbartNews,@BreitbartNews,PROPN,@BreitbartNews_PROPN
19,by,by,ADP,by_ADP
19,@TheTonyLee:,@TheTonyLee:,PROPN,@TheTonyLee:_PROPN
19,"""""@Citizens_United","""""@Citizens_United",PUNCT,"""""@Citizens_United_PUNCT"
19,sues,sue,VERB,sue_VERB
19,@AGSchneiderman,@AGSchneiderman,PROPN,@AGSchneiderman_PROPN
19,for,for,ADP,for_ADP
19,violating,violate,VERB,violate_VERB
19,1st,1st,PROPN,1st_PROPN
19,"Amendment""""","Amendment""""",PROPN,"Amendment""""_PROPN"
19,http://t.co/1YMvzIOnfI,http://t.co/1ymvzionfi,NOUN,http://t.co/1ymvzionfi_NOUN
20,"""""@LBabcock2:","""""@LBabcock2:",PROPN,"""""@LBabcock2:_PROPN"
20, , ,SPACE, _SPACE
20,@oreillyfactor,@oreillyfactor,PROPN,@oreillyfactor_PROPN
20,@FoxNews,@foxnew,NOUN,@foxnew_NOUN
20,I,I,PRON,I_PRON
20,have,have,AUX,have_AUX
20,always,always,ADV,always_ADV
20,wondered,wonder,VERB,wonder_VERB
20,why,why,SCONJ,why_SCONJ
20,Fox,Fox,PROPN,Fox_PROPN
20,kept,keep,VERB,keep_VERB
20,Rove,Rove,PROPN,Rove_PROPN
20,on,on,ADP,on_ADP
20,after,after,ADP,after_ADP
20,his,his,PRON,his_PRON
20,disastrous,disastrous,ADJ,disastrous_ADJ
20,election,election,NOUN,election_NOUN
20,predictions,prediction,NOUN,prediction_NOUN
20,.,.,PUNCT,._PUNCT
20,"""""","""""",PUNCT,"""""_PUNCT"
20,He,he,PRON,he_PRON
20,is,be,AUX,be_AUX
20,a,a,DET,a_DET
20,joke!,joke!,NOUN,joke!_NOUN
21,Congratulations,congratulation,NOUN,congratulation_NOUN
21,to,to,ADP,to_ADP
21,State,State,PROPN,State_PROPN
21,Representative,Representative,PROPN,Representative_PROPN
21,Karen,Karen,PROPN,Karen_PROPN
21,Whitsett,Whitsett,PROPN,Whitsett_PROPN
21,of,of,ADP,of_ADP
21,Michigan.,Michigan.,PROPN,Michigan._PROPN
21,So,so,ADV,so_ADV
21,glad,glad,ADJ,glad_ADJ
21,you,you,PRON,you_PRON
21,are,be,AUX,be_AUX
21,getting,get,VERB,get_VERB
21,better!,better!,ADJ,better!_ADJ
21,https://t.co,https://t.co,PROPN,https://t.co_PROPN
21,/,/,SYM,/_SYM
21,v6z46rUDtg,v6z46rUDtg,PROPN,v6z46rUDtg_PROPN
22,Congress,Congress,PROPN,Congress_PROPN
22,must,must,AUX,must_AUX
22,approve,approve,VERB,approve_VERB
22,the,the,DET,the_DET
22,"deal,","deal,",NOUN,"deal,_NOUN"
22,without,without,ADP,without_ADP
22,all,all,PRON,all_PRON
22,of,of,ADP,of_ADP
22,the,the,DET,the_DET
22,"nonsense,","nonsense,",NOUN,"nonsense,_NOUN"
22,today.,today.,NOUN,today._NOUN
22,The,the,PRON,the_PRON
22,longer,long,ADV,long_ADV
22,it,it,PRON,it_PRON
22,"takes,","takes,",NOUN,"takes,_NOUN"
22,the,the,PRON,the_PRON
22,harder,hard,ADJ,hard_ADJ
22,it,it,PRON,it_PRON
22,will,will,AUX,will_AUX
22,be,be,AUX,be_AUX
22,to,to,PART,to_PART
22,start,start,VERB,start_VERB
22,up,up,ADP,up_ADP
22,our,our,PRON,our_PRON
22,economy.,economy.,NOUN,economy._NOUN
22,Our,our,PRON,our_PRON
22,workers,worker,NOUN,worker_NOUN
22,will,will,AUX,will_AUX
22,be,be,AUX,be_AUX
22,hurt!,hurt!,VERB,hurt!_VERB
23,https://justthenews.com,https://justthenews.com,X,https://justthenews.com_X
23,/,/,SYM,/_SYM
23,politics,politic,NOUN,politic_NOUN
23,-,-,PUNCT,-_PUNCT
23,policy,policy,NOUN,policy_NOUN
23,/,/,SYM,/_SYM
23,all,all,PRON,all_PRON
23,-,-,PUNCT,-_PUNCT
23,things,thing,NOUN,thing_NOUN
23,-,-,PUNCT,-_PUNCT
23,trump,trump,NOUN,trump_NOUN
23,/,/,SYM,/_SYM
23,trump,trump,NOUN,trump_NOUN
23,-,-,PUNCT,-_PUNCT
23,serves,serve,NOUN,serve_NOUN
23,-,-,PUNCT,-_PUNCT
23,meals,meal,NOUN,meal_NOUN
23,-,-,PUNCT,-_PUNCT
23,border,border,NOUN,border_NOUN
23,-,-,PUNCT,-_PUNCT
23,troops,troop,NOUN,troop_NOUN
23,-,-,PUNCT,-_PUNCT
23,picks,pick,NOUN,pick_NOUN
23,-,-,PUNCT,-_PUNCT
23,texas,texas,NUM,texas_NUM
23,-,-,PUNCT,-_PUNCT
23,governors,governor,NOUN,governor_NOUN
23,-,-,PUNCT,-_PUNCT
23,endorsement,endorsement,NOUN,endorsement_NOUN
24,RT,RT,PROPN,RT_PROPN
24,@FLOTUS:,@FLOTUS:,PROPN,@FLOTUS:_PROPN
24,Wishing,wish,VERB,wish_VERB
24,you,you,PRON,you_PRON
24,all,all,DET,all_DET
24,a,a,DET,a_DET
24,very,very,ADV,very_ADV
24,#MerryChristmas!,#merrychristmas!,NOUN,#merrychristmas!_NOUN
24,May,may,AUX,may_AUX
24,your,your,PRON,your_PRON
24,day,day,NOUN,day_NOUN
24,be,be,AUX,be_AUX
24,filled,fill,VERB,fill_VERB
24,with,with,ADP,with_ADP
24,"peace,","peace,",PRON,"peace,_PRON"
24,love,love,NOUN,love_NOUN
24,and,and,CCONJ,and_CCONJ
24,happiness!,happiness!,VERB,happiness!_VERB
24,https://t.co,https://t.co,PROPN,https://t.co_PROPN
24,/,/,SYM,/_SYM
24,yE6Vejihfo,ye6vejihfo,NOUN,ye6vejihfo_NOUN
25,The,the,DET,the_DET
25,United,United,PROPN,United_PROPN
25,States,States,PROPN,States_PROPN
25,of,of,ADP,of_ADP
25,America,America,PROPN,America_PROPN
25,is,be,AUX,be_AUX
25,going,go,VERB,go_VERB
25,to,to,PART,to_PART
25,take,take,VERB,take_VERB
25,back,back,ADV,back_ADV
25,a,a,DET,a_DET
25,lot,lot,NOUN,lot_NOUN
25,of,of,ADP,of_ADP
25,what,what,PRON,what_PRON
25,was,be,AUX,be_AUX
25,stolen,steal,VERB,steal_VERB
25,from,from,ADP,from_ADP
25,it,it,PRON,it_PRON
25,by,by,ADP,by_ADP
25,other,other,ADJ,other_ADJ
25,countries,country,NOUN,country_NOUN
25,"and,","and,",PROPN,"and,_PROPN"
25,"frankly,","frankly,",PROPN,"frankly,_PROPN"
25,by,by,ADP,by_ADP
25,incompetent,incompetent,ADJ,incompetent_ADJ
25,U.S.,U.S.,PROPN,U.S._PROPN
25,leadership.,leadership.,NOUN,leadership._NOUN
25,We're,We're,PROPN,We're_PROPN
25,going,go,VERB,go_VERB
25,to,to,PART,to_PART
25,take,take,VERB,take_VERB
25,back,back,ADV,back_ADV
25,our,our,PRON,our_PRON
25,wealth,wealth,NOUN,wealth_NOUN
25,and,and,CCONJ,and_CCONJ
25,we're,we're,NOUN,we're_NOUN
25,take,take,VERB,take_VERB
25,back,back,ADV,back_ADV
25,a,a,DET,a_DET
25,lot,lot,NOUN,lot_NOUN
25,of,of,ADP,of_ADP
25,the,the,DET,the_DET
25,companies,company,NOUN,company_NOUN
25,that,that,PRON,that_PRON
25,left,leave,VERB,leave_VERB
25,‚Ä¶,‚Ä¶,PUNCT,‚Ä¶_PUNCT
27,RT,RT,PROPN,RT_PROPN
27, , ,SPACE, _SPACE
27,@mrddmiaIf,@mrddmiaif,NOUN,@mrddmiaif_NOUN
27,Trump,trump,NOUN,trump_NOUN
27,didn't,didn't,ADV,didn't_ADV
27, , ,SPACE, _SPACE
27,incite,incite,VERB,incite_VERB
27,the,the,DET,the_DET
27,January,January,PROPN,January_PROPN
27,6th,6th,NOUN,6th_NOUN
27,"riot,","riot,",PUNCT,"riot,_PUNCT"
27,what's,what's,PROPN,what's_PROPN
27,the,the,DET,the_DET
27,actual,actual,ADJ,actual_ADJ
27,crime,crime,NOUN,crime_NOUN
27,and,and,CCONJ,and_CCONJ
27, , ,SPACE, _SPACE
27,conspiracy?Objecting,conspiracy?objecte,VERB,conspiracy?objecte_VERB
27,to,to,ADP,to_ADP
27,the,the,DET,the_DET
27,election,election,NOUN,election_NOUN
27,--,--,PUNCT,--_PUNCT
27,and,and,CCONJ,and_CCONJ
27,submitting,submit,VERB,submit_VERB
27,contingent,contingent,NOUN,contingent_NOUN
27, , ,SPACE, _SPACE
27,electors?Allowed,electors?allowe,VERB,electors?allowe_VERB
27,by,by,ADP,by_ADP
27,Electoral,Electoral,PROPN,Electoral_PROPN
27,Count,Count,PROPN,Count_PROPN
27,Act,Act,PROPN,Act_PROPN
27,of,of,ADP,of_ADP
27,1887.Twisting,1887.twiste,VERB,1887.twiste_VERB
27, , ,SPACE, _SPACE
27,political,political,ADJ,political_ADJ
27,arms?Allowed,arms?allowe,VERB,arms?allowe_VERB
27,by,by,ADP,by_ADP
27,First,First,PROPN,First_PROPN
27,Amendment,Amendment,PROPN,Amendment_PROPN
27,.,.,PUNCT,._PUNCT
27,Trump's,trump',NOUN,trump'_NOUN
27, , ,SPACE, _SPACE
27,"""crime""?Winning","""crime""?winne",VERB,"""crime""?winne_VERB"
27,in,in,ADP,in_ADP
27, , ,SPACE, _SPACE
27,2016.,2016.,NOUN,2016._NOUN
28,"JOBS,","JOBS,",PROPN,"JOBS,_PROPN"
28,"JOBS,","JOBS,",PROPN,"JOBS,_PROPN"
28,JOBS!,JOBS!,PROPN,JOBS!_PROPN
28,#MAGA,#MAGA,PROPN,#MAGA_PROPN
28,https://t.co,https://t.co,PROPN,https://t.co_PROPN
28,/,/,SYM,/_SYM
28,ZqPjsPUX0t,ZqPjsPUX0t,PROPN,ZqPjsPUX0t_PROPN
29,Facebook,Facebook,PROPN,Facebook_PROPN
29,was,be,AUX,be_AUX
29,always,always,ADV,always_ADV
29,anti,anti,ADJ,anti_ADJ
29,-,-,ADJ,-_ADJ
29,Trump,trump,ADJ,trump_ADJ
29,.,.,PUNCT,._PUNCT
29,The,the,DET,the_DET
29,Networks,Networks,PROPN,Networks_PROPN
29,were,be,AUX,be_AUX
29,always,always,ADV,always_ADV
29,anti,anti,ADJ,anti_ADJ
29,-,-,ADJ,-_ADJ
29,Trump,trump,ADJ,trump_ADJ
29,hence,hence,ADV,hence_ADV
29,",",",",PUNCT,",_PUNCT"
29,Fake,Fake,PROPN,Fake_PROPN
29,"News,","News,",PROPN,"News,_PROPN"
29,@nytimes(apologized),@nytimes(apologized),NUM,@nytimes(apologized)_NUM
29,"&amp,","&amp,",NOUN,"&amp,_NOUN"
29,@WaPo,@WaPo,PUNCT,@WaPo_PUNCT
29,were,be,AUX,be_AUX
29,anti,anti,ADJ,anti_ADJ
29,-,-,ADJ,-_ADJ
29,Trump.,trump.,ADJ,trump._ADJ
29,Collusion?,collusion?,NOUN,collusion?_NOUN
30,"""""@NPHerron:","""""@NPHerron:",PROPN,"""""@NPHerron:_PROPN"
30,@realDonaldTrump,@realDonaldTrump,PROPN,@realDonaldTrump_PROPN
30,For,for,ADP,for_ADP
30,president,president,NOUN,president_NOUN
30,"#2016election""""","#2016election""""",PROPN,"#2016election""""_PROPN"
31,The,the,DET,the_DET
31,Zimmerman,Zimmerman,PROPN,Zimmerman_PROPN
31,trial,trial,NOUN,trial_NOUN
31,is,be,AUX,be_AUX
31,over.,over.,ADJ,over._ADJ
31, , ,SPACE, _SPACE
31,It,it,PRON,it_PRON
31,is,be,AUX,be_AUX
31,time,time,NOUN,time_NOUN
31,to,to,PART,to_PART
31,move,move,VERB,move_VERB
31,on.,on.,PROPN,on._PROPN
31, , ,SPACE, _SPACE
31,While,while,SCONJ,while_SCONJ
31,Zimmerman,Zimmerman,PROPN,Zimmerman_PROPN
31,is,be,AUX,be_AUX
31,no,no,PRON,no_PRON
31,"angel,","angel,",INTJ,"angel,_INTJ"
31,he,he,PRON,he_PRON
31,was,be,AUX,be_AUX
31,acquitted,acquit,VERB,acquit_VERB
31,and,and,CCONJ,and_CCONJ
31,should,should,AUX,should_AUX
31,be,be,AUX,be_AUX
31,able,able,ADJ,able_ADJ
31,to,to,PART,to_PART
31,move,move,VERB,move_VERB
31,on.,on.,PROPN,on._PROPN
32,RT,RT,PROPN,RT_PROPN
32,@dbongino:,@dbongino:,NOUN,@dbongino:_NOUN
32,The,the,DET,the_DET
32,Polls,Polls,PROPN,Polls_PROPN
32,Were,be,AUX,be_AUX
32,More,more,ADV,more_ADV
32,Wrong,wrong,ADJ,wrong_ADJ
32,in,in,ADP,in_ADP
32,2020,2020,NUM,2020_NUM
32,Than,than,ADP,than_ADP
32,in,in,ADP,in_ADP
32,2016,2016,NUM,2016_NUM
32,üëá,üëá,NOUN,üëá_NOUN
32,üëá,üëá,PROPN,üëá_PROPN
32,"
","
",SPACE,"
_SPACE"
32,https://t.co,https://t.co,PROPN,https://t.co_PROPN
32,/,/,SYM,/_SYM
32,LpepzKdlp1,LpepzKdlp1,PROPN,LpepzKdlp1_PROPN
33,RT,RT,PROPN,RT_PROPN
33, , ,SPACE, _SPACE
33,@IStandWithTrump47November,@IStandWithTrump47November,PROPN,@IStandWithTrump47November_PROPN
33,5th,5th,ADJ,5th_ADJ
33,can‚Äôt,can‚Äôt,NOUN,can‚Äôt_NOUN
33, , ,SPACE, _SPACE
33,come,come,VERB,come_VERB
33,fast,fast,ADV,fast_ADV
33,enough!,enough!,NOUN,enough!_NOUN
33,üôè,üôè,VERB,üôè_VERB
33,üá∫,üá∫,X,üá∫_X
33,üá∏,üá∏,X,üá∏_X
33,‚ù§,‚ù§,X,‚ù§_X
33,Ô∏è,Ô∏è,NUM,Ô∏è_NUM
33,#Trump2024,#trump2024,SYM,#trump2024_SYM
33,#Maga4TheFelon,#maga4thefelon,NUM,#maga4thefelon_NUM
33,#TooBigToRig,#TooBigToRig,NOUN,#TooBigToRig_NOUN
34,"""""@JDrago28:","""""@JDrago28:",NOUN,"""""@JDrago28:_NOUN"
34,It,it,PRON,it_PRON
34,was,be,AUX,be_AUX
34,such,such,DET,such_DET
34,an,an,DET,an_DET
34,honor,honor,NOUN,honor_NOUN
34,to,to,PART,to_PART
34,meet,meet,VERB,meet_VERB
34,@realDonaldTrump,@realdonaldtrump,NOUN,@realdonaldtrump_NOUN
34,today,today,NOUN,today_NOUN
34,in,in,ADP,in_ADP
34,New,New,PROPN,New_PROPN
34,Hampshire!,hampshire!,NOUN,hampshire!_NOUN
34,What,what,PRON,what_PRON
34,a,a,DET,a_DET
34,great,great,ADJ,great_ADJ
34,man!,man!,NOUN,man!_NOUN
34,#NH,#NH,PROPN,#NH_PROPN
34,#business,#business,PROPN,#business_PROPN
34,http://t.co,http://t.co,PROPN,http://t.co_PROPN
34,/,/,SYM,/_SYM
34,"VWxnWsTmBH""""","VWxnWsTmBH""""",NOUN,"VWxnWsTmBH""""_NOUN"
35,Why,why,SCONJ,why_SCONJ
35,didn‚Äôt,didn‚Äôt,PUNCT,didn‚Äôt_PUNCT
35,Robert,Robert,PROPN,Robert_PROPN
35,Mueller,Mueller,PROPN,Mueller_PROPN
35,"&amp,","&amp,",ADV,"&amp,_ADV"
35,his,his,PRON,his_PRON
35,band,band,NOUN,band_NOUN
35,of,of,ADP,of_ADP
35,18,18,NUM,18_NUM
35,Angry,angry,ADJ,angry_ADJ
35,Democrats,Democrats,PROPN,Democrats_PROPN
35,spend,spend,VERB,spend_VERB
35,any,any,DET,any_DET
35,time,time,NOUN,time_NOUN
35,investigating,investigate,VERB,investigate_VERB
35,Crooked,Crooked,PROPN,Crooked_PROPN
35,Hillary,Hillary,PROPN,Hillary_PROPN
35,"Clinton,","Clinton,",PROPN,"Clinton,_PROPN"
35,Lyin‚Äô,Lyin‚Äô,VERB,Lyin‚Äô_VERB
35,"&amp,","&amp,",PROPN,"&amp,_PROPN"
35,Leakin‚Äô,Leakin‚Äô,PROPN,Leakin‚Äô_PROPN
35,James,James,PROPN,James_PROPN
35,"Comey,","Comey,",PROPN,"Comey,_PROPN"
35,Lisa,Lisa,PROPN,Lisa_PROPN
35,Page,Page,PROPN,Page_PROPN
35,and,and,CCONJ,and_CCONJ
35,her,her,PRON,her_PRON
35,Psycho,Psycho,PROPN,Psycho_PROPN
35,"lover,","lover,",NOUN,"lover,_NOUN"
35,Peter,Peter,PROPN,Peter_PROPN
35,"S,","S,",PROPN,"S,_PROPN"
35,Andy,Andy,PROPN,Andy_PROPN
35,"McCabe,","McCabe,",PROPN,"McCabe,_PROPN"
35,the,the,DET,the_DET
35,beautiful,beautiful,ADJ,beautiful_ADJ
35,Ohr,Ohr,PROPN,Ohr_PROPN
35,"family,","family,",PROPN,"family,_PROPN"
35,Fusion,Fusion,PROPN,Fusion_PROPN
35,"GPS,","GPS,",PROPN,"GPS,_PROPN"
35,and,and,CCONJ,and_CCONJ
35,many,many,ADJ,many_ADJ
35,"more,","more,",NUM,"more,_NUM"
35, , ,SPACE, _SPACE
35,including,include,VERB,include_VERB
35,HIMSELF,himself,PRON,himself_PRON
35,"&amp,","&amp,",ADJ,"&amp,_ADJ"
35,Andrew,Andrew,PROPN,Andrew_PROPN
35,W?,W?,PROPN,W?_PROPN
36,"Today,","Today,",VERB,"Today,_VERB"
36,@FLOTUS,@FLOTUS,PROPN,@FLOTUS_PROPN
36,celebrates,celebrate,VERB,celebrate_VERB
36,the,the,DET,the_DET
36,two,two,NUM,two_NUM
36,year,year,NOUN,year_NOUN
36,anniversary,anniversary,NOUN,anniversary_NOUN
36,of,of,ADP,of_ADP
36,"#BeBest,","#BeBest,",PROPN,"#BeBest,_PROPN"
36,her,her,PRON,her_PRON
36,initiative,initiative,NOUN,initiative_NOUN
36,dedicated,dedicate,VERB,dedicate_VERB
36,to,to,ADP,to_ADP
36,bringing,bring,VERB,bring_VERB
36,awareness,awareness,NOUN,awareness_NOUN
36,to,to,ADP,to_ADP
36,issues,issue,NOUN,issue_NOUN
36,that,that,PRON,that_PRON
36,impact,impact,VERB,impact_VERB
36,the,the,DET,the_DET
36,lives,life,NOUN,life_NOUN
36,of,of,ADP,of_ADP
36,children.,children.,NOUN,children._NOUN
36,"Congratulations,","congratulations,",NOUN,"congratulations,_NOUN"
36,and,and,CCONJ,and_CCONJ
36,thank,thank,VERB,thank_VERB
36,you!,you!,PROPN,you!_PROPN
36,https://t.co/3jM5GfSvfg,https://t.co/3jM5GfSvfg,PROPN,https://t.co/3jM5GfSvfg_PROPN
36,https://t.co,https://t.co,PROPN,https://t.co_PROPN
36,/,/,SYM,/_SYM
36,dvh1MnzcFK,dvh1MnzcFK,PROPN,dvh1MnzcFK_PROPN
37,Thank,thank,VERB,thank_VERB
37,you,you,PRON,you_PRON
37,to,to,ADP,to_ADP
37,the,the,DET,the_DET
37,BRAVE,BRAVE,PROPN,BRAVE_PROPN
37,servicemen,servicemen,PROPN,servicemen_PROPN
37,"&amp,","&amp,",ADJ,"&amp,_ADJ"
37,women,woman,NOUN,woman_NOUN
37,who,who,PRON,who_PRON
37,have,have,VERB,have_VERB
37,"served,","served,",NOUN,"served,_NOUN"
37,and,and,CCONJ,and_CCONJ
37,continue,continue,VERB,continue_VERB
37,to,to,PART,to_PART
37,serve,serve,VERB,serve_VERB
37,the,the,DET,the_DET
37,United,United,PROPN,United_PROPN
37,States-,States-,PROPN,States-_PROPN
37,our,our,PRON,our_PRON
37,true,true,ADJ,true_ADJ
37,HEROES,hero,NOUN,hero_NOUN
37,...,...,PUNCT,..._PUNCT
37,https://t.co,https://t.co,PROPN,https://t.co_PROPN
37,/,/,SYM,/_SYM
37,ZTV9F639xM,ZTV9F639xM,PROPN,ZTV9F639xM_PROPN
38,THANK,thank,VERB,thank_VERB
38,YOU,you,PRON,you_PRON
38,PENNSYLVANIA!,pennsylvania!,PRON,pennsylvania!_PRON
38,#MAGA,#MAGA,PROPN,#MAGA_PROPN
38,https://t.co/5BfdRyDD6a,https://t.co/5bfdrydd6a,X,https://t.co/5bfdrydd6a_X
39,THOSE,those,PRON,those_PRON
39,THAT,that,ADV,that_ADV
39,DENY,deny,VERB,deny_VERB
39,THEIR,their,PRON,their_PRON
39,HISTORY,history,NOUN,history_NOUN
39,ARE,be,AUX,be_AUX
39,DOOMED,doomed,ADJ,doomed_ADJ
39,TO,to,AUX,to_AUX
39,REPEAT,repeat,NOUN,repeat_NOUN
39,IT!,it!,NUM,it!_NUM
40,https://www.washingtonexaminer.com,https://www.washingtonexaminer.com,PROPN,https://www.washingtonexaminer.com_PROPN
40,/,/,SYM,/_SYM
40,news,news,NOUN,news_NOUN
40,/,/,SYM,/_SYM
40,campaigns,campaign,NOUN,campaign_NOUN
40,/,/,SYM,/_SYM
40,presidential/3143416,presidential/3143416,NOUN,presidential/3143416_NOUN
40,/,/,SYM,/_SYM
40,trump,trump,NOUN,trump_NOUN
40,-,-,PUNCT,-_PUNCT
40,playing,play,VERB,play_VERB
40,-,-,PUNCT,-_PUNCT
40,offense,offense,NOUN,offense_NOUN
40,-,-,PUNCT,-_PUNCT
40,democrats,democrat,NOUN,democrat_NOUN
40,-,-,PUNCT,-_PUNCT
40,on,on,ADP,on_ADP
40,-,-,PUNCT,-_PUNCT
40,defense,defense,NOUN,defense_NOUN
40,-,-,PUNCT,-_PUNCT
40,whatley/,whatley/,NUM,whatley/_NUM
41,RT,RT,PROPN,RT_PROPN
41,@IvankaTrump:,@IvankaTrump:,PROPN,@IvankaTrump:_PROPN
41,It,it,PRON,it_PRON
41,is,be,AUX,be_AUX
41,an,an,DET,an_DET
41,honor,honor,NOUN,honor_NOUN
41,to,to,PART,to_PART
41,serve,serve,VERB,serve_VERB
41,our,our,PRON,our_PRON
41,great,great,ADJ,great_ADJ
41,Country,country,NOUN,country_NOUN
41,and,and,CCONJ,and_CCONJ
41,fight,fight,VERB,fight_VERB
41,for,for,ADP,for_ADP
41,America‚Äôs,america‚Äôs,ADJ,america‚Äôs_ADJ
41,workers!,workers!,NOUN,workers!_NOUN
41,üá∫,üá∫,NUM,üá∫_NUM
41,üá∏,üá∏,PUNCT,üá∏_PUNCT
41,https://t.co,https://t.co,PROPN,https://t.co_PROPN
41,/,/,SYM,/_SYM
41,ZAhfkqDII8,ZAhfkqDII8,PROPN,ZAhfkqDII8_PROPN
42,Situated,situate,VERB,situate_VERB
42,in,in,ADP,in_ADP
42,the,the,DET,the_DET
42,heart,heart,NOUN,heart_NOUN
42,of,of,ADP,of_ADP
42,downtown,downtown,NOUN,downtown_NOUN
42,"Toronto,","Toronto,",PROPN,"Toronto,_PROPN"
42,the,the,DET,the_DET
42,65,65,NUM,65_NUM
42,story,story,NOUN,story_NOUN
42,@TrumpTO,@trumpto,NOUN,@trumpto_NOUN
42,offers,offer,VERB,offer_VERB
42,an,an,DET,an_DET
42,elegant,elegant,ADJ,elegant_ADJ
42,and,and,CCONJ,and_CCONJ
42,wonderful,wonderful,ADJ,wonderful_ADJ
42,lifestyle,lifestyle,NOUN,lifestyle_NOUN
42,http://t.co/1u2PNTPMCZ,http://t.co/1u2PNTPMCZ,PUNCT,http://t.co/1u2PNTPMCZ_PUNCT
43,RT,RT,PROPN,RT_PROPN
43, , ,SPACE, _SPACE
43,@realDonaldTrumpUsing,@realdonaldtrumpuse,VERB,@realdonaldtrumpuse_VERB
43,Impoundment,Impoundment,PROPN,Impoundment_PROPN
43,to,to,PART,to_PART
43, , ,SPACE, _SPACE
43,Slash,slash,VERB,slash_VERB
43,"Waste,","Waste,",PROPN,"Waste,_PROPN"
43,Stop,stop,VERB,stop_VERB
43,"Inflation,","inflation,",NOUN,"inflation,_NOUN"
43,and,and,CCONJ,and_CCONJ
43,Crush,crush,VERB,crush_VERB
43,the,the,DET,the_DET
43,Deep,Deep,PROPN,Deep_PROPN
43,State!,state!,NOUN,state!_NOUN
43,#AGENDA47,#agenda47,VERB,#agenda47_VERB
44,RT,RT,PROPN,RT_PROPN
44, , ,SPACE, _SPACE
44,@gatewaypunditANOTHER,@gatewaypunditanother,ADP,@gatewaypunditanother_ADP
44, , ,SPACE, _SPACE
44,BOGUS,BOGUS,PROPN,BOGUS_PROPN
44,ATTACK:,ATTACK:,PROPN,ATTACK:_PROPN
44,DC,DC,PROPN,DC_PROPN
44,Court,Court,PROPN,Court_PROPN
44,Already,already,ADV,already_ADV
44,Ruled,rule,VERB,rule_VERB
44,in,in,ADP,in_ADP
44,2012,2012,NUM,2012_NUM
44,Case,case,NOUN,case_NOUN
44,on,on,ADP,on_ADP
44,Trump‚Äôs,trump‚Äôs,NOUN,trump‚Äôs_NOUN
44,Right,right,NOUN,right_NOUN
44,to,to,PART,to_PART
44,Hold,hold,VERB,hold_VERB
44, , ,SPACE, _SPACE
44,White,White,PROPN,White_PROPN
44,House,House,PROPN,House_PROPN
44,Documents,Documents,PROPN,Documents_PROPN
44,‚Äì,‚Äì,PUNCT,‚Äì_PUNCT
44,In,in,ADP,in_ADP
44,their,their,PRON,their_PRON
44,Ruling,ruling,NOUN,ruling_NOUN
44,on,on,ADP,on_ADP
44,Bill,Bill,PROPN,Bill_PROPN
44,Clinton‚Äôs,Clinton‚Äôs,PROPN,Clinton‚Äôs_PROPN
44,Right,right,NOUN,right_NOUN
44,to,to,PART,to_PART
44,Hold,hold,VERB,hold_VERB
44, , ,SPACE, _SPACE
44,Secret,Secret,PROPN,Secret_PROPN
44,Tapes,Tapes,PROPN,Tapes_PROPN
44,in,in,ADP,in_ADP
44,His,his,PRON,his_PRON
44,Sock,Sock,PROPN,Sock_PROPN
44,Drawer,Drawer,PROPN,Drawer_PROPN
44,https://www.thegatewaypundit.com/2023/06,https://www.thegatewaypundit.com/2023/06,PROPN,https://www.thegatewaypundit.com/2023/06_PROPN
44,/,/,SYM,/_SYM
44,another,another,PRON,another_PRON
44,-,-,PUNCT,-_PUNCT
44,bogus,bogus,ADJ,bogus_ADJ
44,-,-,PUNCT,-_PUNCT
44,attack,attack,NOUN,attack_NOUN
44,-,-,PUNCT,-_PUNCT
44,dc,dc,NOUN,dc_NOUN
44,-,-,PUNCT,-_PUNCT
44,court,court,NOUN,court_NOUN
44,-,-,PUNCT,-_PUNCT
44,already,already,ADV,already_ADV
44,-,-,PUNCT,-_PUNCT
44,ruled-2012/?utm_source,ruled-2012/?utm_source,NOUN,ruled-2012/?utm_source_NOUN
44,=,=,NOUN,=_NOUN
44,rss&amp;utm_medium,rss&amp;utm_medium,NOUN,rss&amp;utm_medium_NOUN
44,=,=,NOUN,=_NOUN
44,rss&amp;utm_campaign,rss&amp;utm_campaign,VERB,rss&amp;utm_campaign_VERB
44,=,=,PUNCT,=_PUNCT
44,another,another,DET,another_DET
44,-,-,PUNCT,-_PUNCT
44,bogus,bogus,ADJ,bogus_ADJ
44,-,-,PUNCT,-_PUNCT
44,attack,attack,NOUN,attack_NOUN
44,-,-,PUNCT,-_PUNCT
44,dc,dc,NOUN,dc_NOUN
44,-,-,PUNCT,-_PUNCT
44,court,court,NOUN,court_NOUN
44,-,-,PUNCT,-_PUNCT
44,already,already,ADV,already_ADV
44,-,-,PUNCT,-_PUNCT
44,ruled-2012Follow,ruled-2012follow,ADJ,ruled-2012follow_ADJ
44, , ,SPACE, _SPACE
44,@gatewaypunditofficial,@gatewaypunditofficial,NOUN,@gatewaypunditofficial_NOUN
45,Thank,thank,VERB,thank_VERB
45,you,you,PRON,you_PRON
45,Philip!,philip!,INTJ,philip!_INTJ
45,https://t.co,https://t.co,PROPN,https://t.co_PROPN
45,/,/,SYM,/_SYM
45,jGspqbtSgL,jGspqbtSgL,PROPN,jGspqbtSgL_PROPN
46,With,with,ADP,with_ADP
46,@VanityFair,@vanityfair,NOUN,@vanityfair_NOUN
46,circulation,circulation,NOUN,circulation_NOUN
46,and,and,CCONJ,and_CCONJ
46,advertising,advertising,NOUN,advertising_NOUN
46,revenue,revenue,NOUN,revenue_NOUN
46,doing,do,VERB,do_VERB
46,so,so,ADV,so_ADV
46,"badly,","badly,",NOUN,"badly,_NOUN"
46,rumor,rumor,NOUN,rumor_NOUN
46,has,have,VERB,have_VERB
46,it,it,PRON,it_PRON
46,that,that,ADV,that_ADV
46,dopey,dopey,ADJ,dopey_ADJ
46,Graydon,Graydon,PROPN,Graydon_PROPN
46,Carter,Carter,PROPN,Carter_PROPN
46,is,be,AUX,be_AUX
46,going,go,VERB,go_VERB
46,to,to,PART,to_PART
46,resign?,resign?,VERB,resign?_VERB
46,He,he,PRON,he_PRON
46,should.,should.,NOUN,should._NOUN
47,Thanks,thank,NOUN,thank_NOUN
47,@LilJon,@LilJon,PUNCT,@LilJon_PUNCT
47,for,for,ADP,for_ADP
47,coming,come,VERB,come_VERB
47,to,to,ADP,to_ADP
47,my,my,PRON,my_PRON
47,defense,defense,NOUN,defense_NOUN
47,in,in,ADP,in_ADP
47,Rolling,Rolling,PROPN,Rolling_PROPN
47,Stone,Stone,PROPN,Stone_PROPN
47,Magazine.,Magazine.,PUNCT,Magazine._PUNCT
47,As,as,SCONJ,as_SCONJ
47,I,I,PRON,I_PRON
47,have,have,AUX,have_AUX
47,often,often,ADV,often_ADV
47,"said,","said,",VERB,"said,_VERB"
47,you,you,PRON,you_PRON
47,are,be,AUX,be_AUX
47,a,a,DET,a_DET
47,terrific,terrific,ADJ,terrific_ADJ
47,guy!,guy!,PROPN,guy!_PROPN
48,RT,RT,PROPN,RT_PROPN
48,@ScottAdamsSays:,@ScottAdamsSays:,PROPN,@ScottAdamsSays:_PROPN
48,Poll,Poll,PROPN,Poll_PROPN
48,for,for,ADP,for_ADP
48,Democrats,Democrats,PROPN,Democrats_PROPN
48,only.,only.,VERB,only._VERB
48,Are,be,AUX,be_AUX
48,you,you,PRON,you_PRON
48,aware,aware,ADJ,aware_ADJ
48,that,that,SCONJ,that_SCONJ
48,most,most,ADJ,most_ADJ
48,of,of,ADP,of_ADP
48,the,the,DET,the_DET
48,political,political,ADJ,political_ADJ
48,news,news,NOUN,news_NOUN
48,you,you,PRON,you_PRON
48,consume,consume,VERB,consume_VERB
48,is,be,AUX,be_AUX
48,either,either,CCONJ,either_CCONJ
48,misleading,misleading,ADJ,misleading_ADJ
48,and,and,CCONJ,and_CCONJ
48,out,out,ADP,out_ADP
48,of,of,ADP,of_ADP
48,cont,cont,NOUN,cont_NOUN
48,‚Ä¶,‚Ä¶,PUNCT,‚Ä¶_PUNCT
49,I,I,PRON,I_PRON
49,love,love,VERB,love_VERB
49,seeing,see,VERB,see_VERB
49,that,that,SCONJ,that_SCONJ
49,Graydon,Graydon,PROPN,Graydon_PROPN
49,Carter,Carter,PROPN,Carter_PROPN
49,and,and,CCONJ,and_CCONJ
49,@VanityFair,@VanityFair,PROPN,@VanityFair_PROPN
49,are,be,AUX,be_AUX
49,failing,fail,VERB,fail_VERB
49,so,so,ADV,so_ADV
49,badly.,badly.,ADJ,badly._ADJ
49,He‚Äôs,He‚Äôs,PROPN,He‚Äôs_PROPN
49,only,only,ADV,only_ADV
49,focused,focus,VERB,focus_VERB
49,on,on,ADP,on_ADP
49,his,his,PRON,his_PRON
49,bad,bad,ADJ,bad_ADJ
49,food,food,NOUN,food_NOUN
49,restaurants.,restaurants.,NOUN,restaurants._NOUN
50,The,the,DET,the_DET
50,month,month,NOUN,month_NOUN
50,of,of,ADP,of_ADP
50,"February,","February,",PROPN,"February,_PROPN"
50,my,my,PRON,my_PRON
50,first,first,ADJ,first_ADJ
50,full,full,ADJ,full_ADJ
50,month,month,NOUN,month_NOUN
50,in,in,ADP,in_ADP
50,"Office,","office,",NUM,"office,_NUM"
50,had,have,VERB,have_VERB
50,the,the,DET,the_DET
50,LOWEST,lowest,NOUN,lowest_NOUN
50,number,number,NOUN,number_NOUN
50,of,of,ADP,of_ADP
50,Illegal,Illegal,PROPN,Illegal_PROPN
50,Immigrants,Immigrants,PROPN,Immigrants_PROPN
50,trying,try,VERB,try_VERB
50,to,to,PART,to_PART
50,enter,enter,VERB,enter_VERB
50,our,our,PRON,our_PRON
50,Country,Country,PROPN,Country_PROPN
50,in,in,ADP,in_ADP
50,History,history,NOUN,history_NOUN
50,‚Äì,‚Äì,PUNCT,‚Äì_PUNCT
50,BY,BY,PROPN,BY_PROPN
50,FAR!,FAR!,PROPN,FAR!_PROPN
50,There,there,PRON,there_PRON
50,were,be,VERB,be_VERB
50,only,only,ADV,only_ADV
50,"8,326","8,326",NUM,"8,326_NUM"
50,apprehensions,apprehension,NOUN,apprehension_NOUN
50,of,of,ADP,of_ADP
50,Illegals,Illegals,PROPN,Illegals_PROPN
50,by,by,ADP,by_ADP
50,Border,Border,PROPN,Border_PROPN
50,Patrol,Patrol,PROPN,Patrol_PROPN
50,at,at,ADP,at_ADP
50,the,the,DET,the_DET
50,¬†,¬†,SPACE,¬†_SPACE
50,U.S.,U.S.,PROPN,U.S._PROPN
50,-,-,PUNCT,-_PUNCT
50,Mexico,Mexico,PROPN,Mexico_PROPN
50,"Border,","border,",NOUN,"border,_NOUN"
50,all,all,PRON,all_PRON
50,of,of,ADP,of_ADP
50,whom,whom,PRON,whom_PRON
50,were,be,AUX,be_AUX
50,quickly,quickly,ADV,quickly_ADV
50,ejected,eject,VERB,eject_VERB
50,from,from,ADP,from_ADP
50,our,our,PRON,our_PRON
50,Nation,nation,NOUN,nation_NOUN
50,"or,","or,",NOUN,"or,_NOUN"
50,when,when,SCONJ,when_SCONJ
50,"necessary,","necessary,",PROPN,"necessary,_PROPN"
50,prosecuted,prosecute,VERB,prosecute_VERB
50,for,for,ADP,for_ADP
50,crimes,crime,NOUN,crime_NOUN
50,against,against,ADP,against_ADP
50,the,the,DET,the_DET
50,United,United,PROPN,United_PROPN
50,States,States,PROPN,States_PROPN
50,of,of,ADP,of_ADP
50,America.,America.,PROPN,America._PROPN
50,This,this,PRON,this_PRON
50,means,mean,VERB,mean_VERB
50,that,that,SCONJ,that_SCONJ
50,very,very,ADV,very_ADV
50,few,few,ADJ,few_ADJ
50,people,people,NOUN,people_NOUN
50,came,come,VERB,come_VERB
50,‚Äì,‚Äì,PUNCT,‚Äì_PUNCT
50,The,the,DET,the_DET
50,Invasion,Invasion,PROPN,Invasion_PROPN
50,of,of,ADP,of_ADP
50,our,our,PRON,our_PRON
50,Country,Country,PROPN,Country_PROPN
50,is,be,AUX,be_AUX
50,OVER.,OVER.,VERB,OVER._VERB
50,In,in,ADP,in_ADP
50,"comparison,","comparison,",NOUN,"comparison,_NOUN"
50,under,under,ADP,under_ADP
50,Joe,Joe,PROPN,Joe_PROPN
50,"Biden,","biden,",NOUN,"biden,_NOUN"
50,there,there,PRON,there_PRON
50,were,be,VERB,be_VERB
50,"300,000","300,000",NUM,"300,000_NUM"
50,Illegals,illegal,NOUN,illegal_NOUN
50,crossing,cross,VERB,cross_VERB
50,in,in,ADP,in_ADP
50,one,one,NUM,one_NUM
50,"month,","month,",NUM,"month,_NUM"
50,and,and,CCONJ,and_CCONJ
50,virtually,virtually,ADV,virtually_ADV
50,ALL,all,PRON,all_PRON
50,of,of,ADP,of_ADP
50,them,they,PRON,they_PRON
50,were,be,AUX,be_AUX
50,released,release,VERB,release_VERB
50,into,into,ADP,into_ADP
50,our,our,PRON,our_PRON
50,Country.,Country.,PROPN,Country._PROPN
50,Thanks,thank,NOUN,thank_NOUN
50,to,to,ADP,to_ADP
50,the,the,DET,the_DET
50,Trump,Trump,PROPN,Trump_PROPN
50,Administration,Administration,PROPN,Administration_PROPN
50,"Policies,","policies,",NOUN,"policies,_NOUN"
50,the,the,DET,the_DET
50,Border,Border,PROPN,Border_PROPN
50,is,be,AUX,be_AUX
50,CLOSED,closed,ADJ,closed_ADJ
50,to,to,ADP,to_ADP
50,all,all,DET,all_DET
50,Illegal,Illegal,PROPN,Illegal_PROPN
50,Immigrants.,Immigrants.,PUNCT,Immigrants._PUNCT
50,Anyone,anyone,PRON,anyone_PRON
50,who,who,PRON,who_PRON
50,tries,try,VERB,try_VERB
50,to,to,PART,to_PART
50,illegally,illegally,ADV,illegally_ADV
50,enter,enter,VERB,enter_VERB
50,the,the,DET,the_DET
50,U.S.A.,U.S.A.,PROPN,U.S.A._PROPN
50,will,will,AUX,will_AUX
50,face,face,VERB,face_VERB
50,significant,significant,ADJ,significant_ADJ
50,criminal,criminal,ADJ,criminal_ADJ
50,penalties,penalty,NOUN,penalty_NOUN
50,and,and,CCONJ,and_CCONJ
50,immediate,immediate,ADJ,immediate_ADJ
50,deportation.,deportation.,NOUN,deportation._NOUN
